Unnamed: 0;val_ids;val_gt_size;dumbpredwtags;dumbpredwtags2;dumbprednotags2;dumbpredselect
52;Subj_0_0.png;[65536, 0];[65536, 0];[65536, 0];[64348.0, 1188.0];[65536,0]
18;Subj_0_1.png;[65536, 0];[65536, 0];[65536, 0];[64348.0, 1188.0];[0,0]
78;Subj_0_10.png;[64430, 1106];[64636, 900];[64348.0, 1188.0];[64348.0, 1188.0];[64348.0, 1188.0]
97;Subj_0_11.png;[64319, 1217];[64636, 900];[64348.0, 1188.0];[64348.0, 1188.0];[64348.0, 1188.0]
0;Subj_0_12.png;[64264, 1272];[64636, 900];[64348.0, 1188.0];[64348.0, 1188.0];[64348.0, 1188.0]
40;Subj_0_13.png;[64257, 1279];[64636, 900];[64348.0, 1188.0];[64348.0, 1188.0];[64348.0, 1188.0]
39;Subj_0_14.png;[64187, 1349];[64636, 900];[64348.0, 1188.0];[64348.0, 1188.0];[64348.0, 1188.0]
2;Subj_0_15.png;[64096, 1440];[64636, 900];[64348.0, 1188.0];[64348.0, 1188.0];[64348.0, 1188.0]
96;Subj_0_16.png;[64080, 1456];[64636, 900];[64348.0, 1188.0];[64348.0, 1188.0];[64348.0, 1188.0]
80;Subj_0_17.png;[64111, 1425];[64636, 900];[64348.0, 1188.0];[64348.0, 1188.0];[64348.0, 1188.0]
102;Subj_0_18.png;[64079, 1457];[64636, 900];[64348.0, 1188.0];[64348.0, 1188.0];[64348.0, 1188.0]
74;Subj_0_19.png;[64120, 1416];[64636, 900];[64348.0, 1188.0];[64348.0, 1188.0];[64348.0, 1188.0]
82;Subj_0_2.png;[65536, 0];[65536, 0];[65536, 0];[64348.0, 1188.0];[0,0]
12;Subj_0_20.png;[64163, 1373];[64636, 900];[64348.0, 1188.0];[64348.0, 1188.0];[64348.0, 1188.0]
29;Subj_0_21.png;[64207, 1329];[64636, 900];[64348.0, 1188.0];[64348.0, 1188.0];[64348.0, 1188.0]
68;Subj_0_22.png;[64283, 1253];[64636, 900];[64348.0, 1188.0];[64348.0, 1188.0];[64348.0, 1188.0]
107;Subj_0_23.png;[64343, 1193];[64636, 900];[64348.0, 1188.0];[64348.0, 1188.0];[64348.0, 1188.0]
106;Subj_0_24.png;[64418, 1118];[64636, 900];[64348.0, 1188.0];[64348.0, 1188.0];[64348.0, 1188.0]
69;Subj_0_25.png;[64637, 899];[64636, 900];[64348.0, 1188.0];[64348.0, 1188.0];[64348.0, 1188.0]
28;Subj_0_26.png;[64741, 795];[64636, 900];[64348.0, 1188.0];[64348.0, 1188.0];[64348.0, 1188.0]
14;Subj_0_27.png;[64994, 542];[64636, 900];[64348.0, 1188.0];[64348.0, 1188.0];[64348.0, 1188.0]
32;Subj_0_28.png;[65157, 379];[64636, 900];[64348.0, 1188.0];[64348.0, 1188.0];[64348.0, 1188.0]
10;Subj_0_29.png;[65277, 259];[64636, 900];[64348.0, 1188.0];[64348.0, 1188.0];[64348.0, 1188.0]
67;Subj_0_3.png;[65473, 63];[64636, 900];[64348.0, 1188.0];[64348.0, 1188.0];[0,0]
50;Subj_0_30.png;[65381, 155];[64636, 900];[64348.0, 1188.0];[64348.0, 1188.0];[0,0]
16;Subj_0_31.png;[65471, 65];[64636, 900];[64348.0, 1188.0];[64348.0, 1188.0];[0,0]
81;Subj_0_32.png;[65536, 0];[65536, 0];[65536, 0];[64348.0, 1188.0];[0,0]
66;Subj_0_33.png;[65536, 0];[65536, 0];[65536, 0];[64348.0, 1188.0];[0,0]
64;Subj_0_34.png;[65536, 0];[65536, 0];[65536, 0];[64348.0, 1188.0];[0,0]
83;Subj_0_35.png;[65536, 0];[65536, 0];[65536, 0];[64348.0, 1188.0];[0,0]
65;Subj_0_4.png;[65358, 178];[64636, 900];[64348.0, 1188.0];[64348.0, 1188.0];[0,0]
84;Subj_0_5.png;[65203, 333];[64636, 900];[64348.0, 1188.0];[64348.0, 1188.0];[64348.0, 1188.0]
15;Subj_0_6.png;[65053, 483];[64636, 900];[64348.0, 1188.0];[64348.0, 1188.0];[64348.0, 1188.0]
53;Subj_0_7.png;[64810, 726];[64636, 900];[64348.0, 1188.0];[64348.0, 1188.0];[64348.0, 1188.0]
22;Subj_0_8.png;[64675, 861];[64636, 900];[64348.0, 1188.0];[64348.0, 1188.0];[64348.0, 1188.0]
47;Subj_0_9.png;[64446, 1090];[64636, 900];[64348.0, 1188.0];[64348.0, 1188.0];[64348.0, 1188.0]
311;Subj_10_0.png;[65536, 0];[65536, 0];[65536, 0];[64348.0, 1188.0];[0,0]
452;Subj_10_1.png;[65536, 0];[65536, 0];[65536, 0];[64348.0, 1188.0];[0,0]
432;Subj_10_10.png;[64381, 1155];[64636, 900];[64348.0, 1188.0];[64348.0, 1188.0];[64348.0, 1188.0]
320;Subj_10_11.png;[64244, 1292];[64636, 900];[64348.0, 1188.0];[64348.0, 1188.0];[64348.0, 1188.0]
152;Subj_10_12.png;[64144, 1392];[64636, 900];[64348.0, 1188.0];[64348.0, 1188.0];[64348.0, 1188.0]
8;Subj_10_13.png;[64208, 1328];[64636, 900];[64348.0, 1188.0];[64348.0, 1188.0];[64348.0, 1188.0]
24;Subj_10_14.png;[64073, 1463];[64636, 900];[64348.0, 1188.0];[64348.0, 1188.0];[64348.0, 1188.0]
147;Subj_10_15.png;[64054, 1482];[64636, 900];[64348.0, 1188.0];[64348.0, 1188.0];[64348.0, 1188.0]
333;Subj_10_16.png;[64039, 1497];[64636, 900];[64348.0, 1188.0];[64348.0, 1188.0];[64348.0, 1188.0]
426;Subj_10_17.png;[64020, 1516];[64636, 900];[64348.0, 1188.0];[64348.0, 1188.0];[64348.0, 1188.0]
343;Subj_10_18.png;[64004, 1532];[64636, 900];[64348.0, 1188.0];[64348.0, 1188.0];[64348.0, 1188.0]
419;Subj_10_19.png;[64032, 1504];[64636, 900];[64348.0, 1188.0];[64348.0, 1188.0];[64348.0, 1188.0]
31;Subj_10_2.png;[65536, 0];[65536, 0];[65536, 0];[64348.0, 1188.0];[0,0]
141;Subj_10_20.png;[64223, 1313];[64636, 900];[64348.0, 1188.0];[64348.0, 1188.0];[64348.0, 1188.0]
34;Subj_10_21.png;[64095, 1441];[64636, 900];[64348.0, 1188.0];[64348.0, 1188.0];[64348.0, 1188.0]
453;Subj_10_22.png;[64171, 1365];[64636, 900];[64348.0, 1188.0];[64348.0, 1188.0];[64348.0, 1188.0]
312;Subj_10_23.png;[64285, 1251];[64636, 900];[64348.0, 1188.0];[64348.0, 1188.0];[64348.0, 1188.0]
317;Subj_10_24.png;[64425, 1111];[64636, 900];[64348.0, 1188.0];[64348.0, 1188.0];[64348.0, 1188.0]
443;Subj_10_25.png;[64635, 901];[64636, 900];[64348.0, 1188.0];[64348.0, 1188.0];[64348.0, 1188.0]
39;Subj_10_26.png;[64763, 773];[64636, 900];[64348.0, 1188.0];[64348.0, 1188.0];[64348.0, 1188.0]
131;Subj_10_27.png;[64834, 702];[64636, 900];[64348.0, 1188.0];[64348.0, 1188.0];[64348.0, 1188.0]
47;Subj_10_28.png;[65108, 428];[64636, 900];[64348.0, 1188.0];[64348.0, 1188.0];[64348.0, 1188.0]
123;Subj_10_29.png;[65259, 277];[64636, 900];[64348.0, 1188.0];[64348.0, 1188.0];[64348.0, 1188.0]
138;Subj_10_3.png;[65536, 0];[65536, 0];[65536, 0];[64348.0, 1188.0];[0,0]
84;Subj_10_30.png;[65369, 167];[64636, 900];[64348.0, 1188.0];[64348.0, 1188.0];[0,0]
211;Subj_10_31.png;[65536, 0];[65536, 0];[65536, 0];[64348.0, 1188.0];[0,0]
276;Subj_10_32.png;[65536, 0];[65536, 0];[65536, 0];[64348.0, 1188.0];[65536,0]
368;Subj_10_33.png;[65536, 0];[65536, 0];[65536, 0];[64348.0, 1188.0];[65536,0]
372;Subj_10_34.png;[65536, 0];[65536, 0];[65536, 0];[64348.0, 1188.0];[0,0]
262;Subj_10_35.png;[65536, 0];[65536, 0];[65536, 0];[64348.0, 1188.0];[0,0]
128;Subj_10_4.png;[65127, 409];[64636, 900];[64348.0, 1188.0];[64348.0, 1188.0];[64348.0, 1188.0]
36;Subj_10_5.png;[64858, 678];[64636, 900];[64348.0, 1188.0];[64348.0, 1188.0];[64348.0, 1188.0]
442;Subj_10_6.png;[64734, 802];[64636, 900];[64348.0, 1188.0];[64348.0, 1188.0];[64348.0, 1188.0]
316;Subj_10_7.png;[64580, 956];[64636, 900];[64348.0, 1188.0];[64348.0, 1188.0];[64348.0, 1188.0]
462;Subj_10_8.png;[64539, 997];[64636, 900];[64348.0, 1188.0];[64348.0, 1188.0];[64348.0, 1188.0]
294;Subj_10_9.png;[64420, 1116];[64636, 900];[64348.0, 1188.0];[64348.0, 1188.0];[64348.0, 1188.0]
245;Subj_11_0.png;[65536, 0];[65536, 0];[65536, 0];[64348.0, 1188.0];[0,0]
393;Subj_11_1.png;[65536, 0];[65536, 0];[65536, 0];[64348.0, 1188.0];[0,0]
102;Subj_11_10.png;[64342, 1194];[64636, 900];[64348.0, 1188.0];[64348.0, 1188.0];[64348.0, 1188.0]
190;Subj_11_11.png;[64321, 1215];[64636, 900];[64348.0, 1188.0];[64348.0, 1188.0];[64348.0, 1188.0]
259;Subj_11_12.png;[64241, 1295];[64636, 900];[64348.0, 1188.0];[64348.0, 1188.0];[64348.0, 1188.0]
390;Subj_11_13.png;[64125, 1411];[64636, 900];[64348.0, 1188.0];[64348.0, 1188.0];[64348.0, 1188.0]
394;Subj_11_14.png;[64177, 1359];[64636, 900];[64348.0, 1188.0];[64348.0, 1188.0];[64348.0, 1188.0]
244;Subj_11_15.png;[64093, 1443];[64636, 900];[64348.0, 1188.0];[64348.0, 1188.0];[64348.0, 1188.0]
196;Subj_11_16.png;[63995, 1541];[64636, 900];[64348.0, 1188.0];[64348.0, 1188.0];[64348.0, 1188.0]
88;Subj_11_17.png;[64031, 1505];[64636, 900];[64348.0, 1188.0];[64348.0, 1188.0];[64348.0, 1188.0]
174;Subj_11_18.png;[64079, 1457];[64636, 900];[64348.0, 1188.0];[64348.0, 1188.0];[64348.0, 1188.0]
110;Subj_11_19.png;[64084, 1452];[64636, 900];[64348.0, 1188.0];[64348.0, 1188.0];[64348.0, 1188.0]
89;Subj_11_2.png;[65536, 0];[65536, 0];[65536, 0];[64348.0, 1188.0];[0,0]
271;Subj_11_20.png;[64145, 1391];[64636, 900];[64348.0, 1188.0];[64348.0, 1188.0];[64348.0, 1188.0]
364;Subj_11_21.png;[64171, 1365];[64636, 900];[64348.0, 1188.0];[64348.0, 1188.0];[64348.0, 1188.0]
75;Subj_11_22.png;[64186, 1350];[64636, 900];[64348.0, 1188.0];[64348.0, 1188.0];[64348.0, 1188.0]
203;Subj_11_23.png;[64275, 1261];[64636, 900];[64348.0, 1188.0];[64348.0, 1188.0];[64348.0, 1188.0]
217;Subj_11_24.png;[64421, 1115];[64636, 900];[64348.0, 1188.0];[64348.0, 1188.0];[64348.0, 1188.0]
69;Subj_11_25.png;[64485, 1051];[64636, 900];[64348.0, 1188.0];[64348.0, 1188.0];[64348.0, 1188.0]
377;Subj_11_26.png;[64699, 837];[64636, 900];[64348.0, 1188.0];[64348.0, 1188.0];[64348.0, 1188.0]
266;Subj_11_27.png;[64801, 735];[64636, 900];[64348.0, 1188.0];[64348.0, 1188.0];[64348.0, 1188.0]
355;Subj_11_28.png;[64999, 537];[64636, 900];[64348.0, 1188.0];[64348.0, 1188.0];[64348.0, 1188.0]
289;Subj_11_29.png;[65239, 297];[64636, 900];[64348.0, 1188.0];[64348.0, 1188.0];[64348.0, 1188.0]
195;Subj_11_3.png;[65536, 0];[65536, 0];[65536, 0];[64348.0, 1188.0];[0,0]
449;Subj_11_30.png;[65354, 182];[64636, 900];[64348.0, 1188.0];[64348.0, 1188.0];[64348.0, 1188.0]
308;Subj_11_31.png;[65536, 0];[65536, 0];[65536, 0];[64348.0, 1188.0];[0,0]
137;Subj_11_32.png;[65536, 0];[65536, 0];[65536, 0];[64348.0, 1188.0];[0,0]
30;Subj_11_33.png;[65536, 0];[65536, 0];[65536, 0];[64348.0, 1188.0];[65536,0]
43;Subj_11_34.png;[65536, 0];[65536, 0];[65536, 0];[64348.0, 1188.0];[65536,0]
135;Subj_11_35.png;[65536, 0];[65536, 0];[65536, 0];[64348.0, 1188.0];[0,0]
189;Subj_11_4.png;[65250, 286];[64636, 900];[64348.0, 1188.0];[64348.0, 1188.0];[64348.0, 1188.0]
103;Subj_11_5.png;[64971, 565];[64636, 900];[64348.0, 1188.0];[64348.0, 1188.0];[64348.0, 1188.0]
389;Subj_11_6.png;[64760, 776];[64636, 900];[64348.0, 1188.0];[64348.0, 1188.0];[64348.0, 1188.0]
260;Subj_11_7.png;[64612, 924];[64636, 900];[64348.0, 1188.0];[64348.0, 1188.0];[64348.0, 1188.0]
409;Subj_11_8.png;[64555, 981];[64636, 900];[64348.0, 1188.0];[64348.0, 1188.0];[64348.0, 1188.0]
235;Subj_11_9.png;[64486, 1050];[64636, 900];[64348.0, 1188.0];[64348.0, 1188.0];[64348.0, 1188.0]
439;Subj_12_0.png;[65536, 0];[65536, 0];[65536, 0];[64348.0, 1188.0];[0,0]
328;Subj_12_1.png;[65536, 0];[65536, 0];[65536, 0];[64348.0, 1188.0];[0,0]
371;Subj_12_10.png;[64338, 1198];[64636, 900];[64348.0, 1188.0];[64348.0, 1188.0];[64348.0, 1188.0]
279;Subj_12_11.png;[64315, 1221];[64636, 900];[64348.0, 1188.0];[64348.0, 1188.0];[64348.0, 1188.0]
212;Subj_12_12.png;[64231, 1305];[64636, 900];[64348.0, 1188.0];[64348.0, 1188.0];[64348.0, 1188.0]
85;Subj_12_13.png;[64084, 1452];[64636, 900];[64348.0, 1188.0];[64348.0, 1188.0];[64348.0, 1188.0]
68;Subj_12_14.png;[64117, 1419];[64636, 900];[64348.0, 1188.0];[64348.0, 1188.0];[64348.0, 1188.0]
215;Subj_12_15.png;[64050, 1486];[64636, 900];[64348.0, 1188.0];[64348.0, 1188.0];[64348.0, 1188.0]
265;Subj_12_16.png;[64017, 1519];[64636, 900];[64348.0, 1188.0];[64348.0, 1188.0];[64348.0, 1188.0]
375;Subj_12_17.png;[64094, 1442];[64636, 900];[64348.0, 1188.0];[64348.0, 1188.0];[64348.0, 1188.0]
287;Subj_12_18.png;[64104, 1432];[64636, 900];[64348.0, 1188.0];[64348.0, 1188.0];[64348.0, 1188.0]
353;Subj_12_19.png;[64166, 1370];[64636, 900];[64348.0, 1188.0];[64348.0, 1188.0];[64348.0, 1188.0]
162;Subj_12_2.png;[65536, 0];[65536, 0];[65536, 0];[64348.0, 1188.0];[0,0]
185;Subj_12_20.png;[64164, 1372];[64636, 900];[64348.0, 1188.0];[64348.0, 1188.0];[64348.0, 1188.0]
98;Subj_12_21.png;[64191, 1345];[64636, 900];[64348.0, 1188.0];[64348.0, 1188.0];[64348.0, 1188.0]
382;Subj_12_22.png;[64182, 1354];[64636, 900];[64348.0, 1188.0];[64348.0, 1188.0];[64348.0, 1188.0]
252;Subj_12_23.png;[64271, 1265];[64636, 900];[64348.0, 1188.0];[64348.0, 1188.0];[64348.0, 1188.0]
248;Subj_12_24.png;[64319, 1217];[64636, 900];[64348.0, 1188.0];[64348.0, 1188.0];[64348.0, 1188.0]
397;Subj_12_25.png;[64382, 1154];[64636, 900];[64348.0, 1188.0];[64348.0, 1188.0];[64348.0, 1188.0]
93;Subj_12_26.png;[64534, 1002];[64636, 900];[64348.0, 1188.0];[64348.0, 1188.0];[64348.0, 1188.0]
200;Subj_12_27.png;[64781, 755];[64636, 900];[64348.0, 1188.0];[64348.0, 1188.0];[64348.0, 1188.0]
113;Subj_12_28.png;[64939, 597];[64636, 900];[64348.0, 1188.0];[64348.0, 1188.0];[64348.0, 1188.0]
177;Subj_12_29.png;[65170, 366];[64636, 900];[64348.0, 1188.0];[64348.0, 1188.0];[64348.0, 1188.0]
19;Subj_12_3.png;[65536, 0];[65536, 0];[65536, 0];[64348.0, 1188.0];[0,0]
13;Subj_12_30.png;[65349, 187];[64636, 900];[64348.0, 1188.0];[64348.0, 1188.0];[64348.0, 1188.0]
156;Subj_12_31.png;[65536, 0];[65536, 0];[65536, 0];[64348.0, 1188.0];[0,0]
322;Subj_12_32.png;[65536, 0];[65536, 0];[65536, 0];[64348.0, 1188.0];[0,0]
433;Subj_12_33.png;[65536, 0];[65536, 0];[65536, 0];[64348.0, 1188.0];[0,0]
428;Subj_12_34.png;[65536, 0];[65536, 0];[65536, 0];[64348.0, 1188.0];[65536,0]
336;Subj_12_35.png;[65536, 0];[65536, 0];[65536, 0];[64348.0, 1188.0];[65536,0]
23;Subj_12_4.png;[65461, 75];[64636, 900];[64348.0, 1188.0];[64348.0, 1188.0];[64348.0, 1188.0]
145;Subj_12_5.png;[65003, 533];[64636, 900];[64348.0, 1188.0];[64348.0, 1188.0];[64348.0, 1188.0]
330;Subj_12_6.png;[64865, 671];[64636, 900];[64348.0, 1188.0];[64348.0, 1188.0];[64348.0, 1188.0]
422;Subj_12_7.png;[64348, 970];[64636, 900];[64348.0, 1188.0];[64348.0, 1188.0];[64348.0, 1188.0]
340;Subj_12_8.png;[64527, 1009];[64636, 900];[64348.0, 1188.0];[64348.0, 1188.0];[64348.0, 1188.0]
416;Subj_12_9.png;[64472, 1064];[64636, 900];[64348.0, 1188.0];[64348.0, 1188.0];[64348.0, 1188.0]
374;Subj_13_0.png;[65536, 0];[65536, 0];[65536, 0];[64348.0, 1188.0];[0,0]
263;Subj_13_1.png;[65536, 0];[65536, 0];[65536, 0];[64348.0, 1188.0];[0,0]
29;Subj_13_10.png;[64380, 1156];[64636, 900];[64348.0, 1188.0];[64348.0, 1188.0];[64348.0, 1188.0]
136;Subj_13_11.png;[64309, 1227];[64636, 900];[64348.0, 1188.0];[64348.0, 1188.0];[64348.0, 1188.0]
306;Subj_13_12.png;[64204, 1332];[64636, 900];[64348.0, 1188.0];[64348.0, 1188.0];[64348.0, 1188.0]
446;Subj_13_13.png;[64119, 1417];[64636, 900];[64348.0, 1188.0];[64348.0, 1188.0];[64348.0, 1188.0]
445;Subj_13_14.png;[64092, 1444];[64636, 900];[64348.0, 1188.0];[64348.0, 1188.0];[64348.0, 1188.0]
319;Subj_13_15.png;[64017, 1519];[64636, 900];[64348.0, 1188.0];[64348.0, 1188.0];[64348.0, 1188.0]
134;Subj_13_16.png;[64034, 1502];[64636, 900];[64348.0, 1188.0];[64348.0, 1188.0];[64348.0, 1188.0]
42;Subj_13_17.png;[64095, 1441];[64636, 900];[64348.0, 1188.0];[64348.0, 1188.0];[64348.0, 1188.0]
126;Subj_13_18.png;[64056, 1480];[64636, 900];[64348.0, 1188.0];[64348.0, 1188.0];[64348.0, 1188.0]
49;Subj_13_19.png;[64059, 1477];[64636, 900];[64348.0, 1188.0];[64348.0, 1188.0];[64348.0, 1188.0]
214;Subj_13_2.png;[65536, 0];[65536, 0];[65536, 0];[64348.0, 1188.0];[0,0]
329;Subj_13_20.png;[64037, 1499];[64636, 900];[64348.0, 1188.0];[64348.0, 1188.0];[64348.0, 1188.0]
440;Subj_13_21.png;[64051, 1485];[64636, 900];[64348.0, 1188.0];[64348.0, 1188.0];[64348.0, 1188.0]
18;Subj_13_22.png;[64106, 1430];[64636, 900];[64348.0, 1188.0];[64348.0, 1188.0];[64348.0, 1188.0]
160;Subj_13_23.png;[64082, 1454];[64636, 900];[64348.0, 1188.0];[64348.0, 1188.0];[64348.0, 1188.0]
144;Subj_13_24.png;[64109, 1427];[64636, 900];[64348.0, 1188.0];[64348.0, 1188.0];[64348.0, 1188.0]
22;Subj_13_25.png;[64233, 1303];[64636, 900];[64348.0, 1188.0];[64348.0, 1188.0];[64348.0, 1188.0]
424;Subj_13_26.png;[64314, 1222];[64636, 900];[64348.0, 1188.0];[64348.0, 1188.0];[64348.0, 1188.0]
332;Subj_13_27.png;[64495, 1041];[64636, 900];[64348.0, 1188.0];[64348.0, 1188.0];[64348.0, 1188.0]
418;Subj_13_28.png;[64636, 900];[64636, 900];[64348.0, 1188.0];[64348.0, 1188.0];[64348.0, 1188.0]
341;Subj_13_29.png;[64913, 623];[64636, 900];[64348.0, 1188.0];[64348.0, 1188.0];[64348.0, 1188.0]
66;Subj_13_3.png;[65536, 0];[65536, 0];[65536, 0];[64348.0, 1188.0];[0,0]
388;Subj_13_30.png;[65115, 421];[64636, 900];[64348.0, 1188.0];[64348.0, 1188.0];[64348.0, 1188.0]
258;Subj_13_31.png;[65336, 200];[64636, 900];[64348.0, 1188.0];[64348.0, 1188.0];[64348.0, 1188.0]
187;Subj_13_32.png;[65478, 58];[64636, 900];[64348.0, 1188.0];[64348.0, 1188.0];[0,0]
100;Subj_13_33.png;[65536, 0];[65536, 0];[65536, 0];[64348.0, 1188.0];[0,0]
86;Subj_13_34.png;[65536, 0];[65536, 0];[65536, 0];[64348.0, 1188.0];[0,0]
193;Subj_13_35.png;[65536, 0];[65536, 0];[65536, 0];[64348.0, 1188.0];[0,0]
81;Subj_13_4.png;[65536, 0];[65536, 0];[65536, 0];[64348.0, 1188.0];[0,0]
210;Subj_13_5.png;[65458, 78];[64636, 900];[64348.0, 1188.0];[64348.0, 1188.0];[64348.0, 1188.0]
277;Subj_13_6.png;[65365, 171];[64636, 900];[64348.0, 1188.0];[64348.0, 1188.0];[64348.0, 1188.0]
370;Subj_13_7.png;[64907, 629];[64636, 900];[64348.0, 1188.0];[64348.0, 1188.0];[64348.0, 1188.0]
283;Subj_13_8.png;[64681, 855];[64636, 900];[64348.0, 1188.0];[64348.0, 1188.0];[64348.0, 1188.0]
361;Subj_13_9.png;[64562, 974];[64636, 900];[64348.0, 1188.0];[64348.0, 1188.0];[64348.0, 1188.0]
58;Subj_14_0.png;[65536, 0];[65536, 0];[65536, 0];[64348.0, 1188.0];[0,0]
229;Subj_14_1.png;[65536, 0];[65536, 0];[65536, 0];[64348.0, 1188.0];[65536,0]
298;Subj_14_10.png;[64634, 902];[64636, 900];[64348.0, 1188.0];[64348.0, 1188.0];[64348.0, 1188.0]
466;Subj_14_11.png;[64608, 928];[64636, 900];[64348.0, 1188.0];[64348.0, 1188.0];[64348.0, 1188.0]
50;Subj_14_12.png;[64507, 1029];[64636, 900];[64348.0, 1188.0];[64348.0, 1188.0];[64348.0, 1188.0]
125;Subj_14_13.png;[64519, 1017];[64636, 900];[64348.0, 1188.0];[64348.0, 1188.0];[64348.0, 1188.0]
116;Subj_14_14.png;[64517, 1019];[64636, 900];[64348.0, 1188.0];[64348.0, 1188.0];[64348.0, 1188.0]
52;Subj_14_15.png;[64460, 1076];[64636, 900];[64348.0, 1188.0];[64348.0, 1188.0];[64348.0, 1188.0]
456;Subj_14_16.png;[64550, 986];[64636, 900];[64348.0, 1188.0];[64348.0, 1188.0];[64348.0, 1188.0]
300;Subj_14_17.png;[64570, 966];[64636, 900];[64348.0, 1188.0];[64348.0, 1188.0];[64348.0, 1188.0]
447;Subj_14_18.png;[64499, 1037];[64636, 900];[64348.0, 1188.0];[64348.0, 1188.0];[64348.0, 1188.0]
305;Subj_14_19.png;[64460, 1076];[64636, 900];[64348.0, 1188.0];[64348.0, 1188.0];[64348.0, 1188.0]
280;Subj_14_2.png;[65536, 0];[65536, 0];[65536, 0];[64348.0, 1188.0];[0,0]
1;Subj_14_20.png;[64489, 1047];[64636, 900];[64348.0, 1188.0];[64348.0, 1188.0];[64348.0, 1188.0]
168;Subj_14_21.png;[64488, 1048];[64636, 900];[64348.0, 1188.0];[64348.0, 1188.0];[64348.0, 1188.0]
342;Subj_14_22.png;[64522, 1014];[64636, 900];[64348.0, 1188.0];[64348.0, 1188.0];[64348.0, 1188.0]
417;Subj_14_23.png;[64583, 953];[64636, 900];[64348.0, 1188.0];[64348.0, 1188.0];[64348.0, 1188.0]
414;Subj_14_24.png;[64621, 915];[64636, 900];[64348.0, 1188.0];[64348.0, 1188.0];[64348.0, 1188.0]
349;Subj_14_25.png;[64614, 922];[64636, 900];[64348.0, 1188.0];[64348.0, 1188.0];[64348.0, 1188.0]
166;Subj_14_26.png;[64739, 797];[64636, 900];[64348.0, 1188.0];[64348.0, 1188.0];[64348.0, 1188.0]
7;Subj_14_27.png;[64910, 626];[64636, 900];[64348.0, 1188.0];[64348.0, 1188.0];[64348.0, 1188.0]
161;Subj_14_28.png;[65102, 434];[64636, 900];[64348.0, 1188.0];[64348.0, 1188.0];[64348.0, 1188.0]
17;Subj_14_29.png;[65259, 277];[64636, 900];[64348.0, 1188.0];[64348.0, 1188.0];[64348.0, 1188.0]
359;Subj_14_3.png;[65490, 46];[64636, 900];[64348.0, 1188.0];[64348.0, 1188.0];[0,0]
172;Subj_14_30.png;[65536, 0];[65536, 0];[65536, 0];[64348.0, 1188.0];[0,0]
108;Subj_14_31.png;[65536, 0];[65536, 0];[65536, 0];[64348.0, 1188.0];[0,0]
400;Subj_14_32.png;[65536, 0];[65536, 0];[65536, 0];[64348.0, 1188.0];[0,0]
237;Subj_14_33.png;[65536, 0];[65536, 0];[65536, 0];[64348.0, 1188.0];[65536,0]
234;Subj_14_34.png;[65536, 0];[65536, 0];[65536, 0];[64348.0, 1188.0];[0,0]
408;Subj_14_35.png;[65536, 0];[65536, 0];[65536, 0];[64348.0, 1188.0];[65536,0]
358;Subj_14_4.png;[65457, 79];[64636, 900];[64348.0, 1188.0];[64348.0, 1188.0];[0,0]
292;Subj_14_5.png;[65400, 136];[64636, 900];[64348.0, 1188.0];[64348.0, 1188.0];[64348.0, 1188.0]
225;Subj_14_6.png;[65295, 241];[64636, 900];[64348.0, 1188.0];[64348.0, 1188.0];[64348.0, 1188.0]
65;Subj_14_7.png;[65175, 361];[64636, 900];[64348.0, 1188.0];[64348.0, 1188.0];[64348.0, 1188.0]
221;Subj_14_8.png;[65012, 524];[64636, 900];[64348.0, 1188.0];[64348.0, 1188.0];[64348.0, 1188.0]
73;Subj_14_9.png;[64788, 748];[64636, 900];[64348.0, 1188.0];[64348.0, 1188.0];[64348.0, 1188.0]
36;Subj_15_0.png;[65536, 0];[65536, 0];[65536, 0];[64348.0, 1188.0];[0,0]
3;Subj_15_1.png;[65536, 0];[65536, 0];[65536, 0];[64348.0, 1188.0];[0,0]
98;Subj_15_10.png;[64304, 1232];[64636, 900];[64348.0, 1188.0];[64348.0, 1188.0];[64348.0, 1188.0]
76;Subj_15_11.png;[64255, 1281];[64636, 900];[64348.0, 1188.0];[64348.0, 1188.0];[64348.0, 1188.0]
33;Subj_15_12.png;[64278, 1258];[64636, 900];[64348.0, 1188.0];[64348.0, 1188.0];[64348.0, 1188.0]
6;Subj_15_13.png;[64208, 1328];[64636, 900];[64348.0, 1188.0];[64348.0, 1188.0];[64348.0, 1188.0]
4;Subj_15_14.png;[64174, 1362];[64636, 900];[64348.0, 1188.0];[64348.0, 1188.0];[64348.0, 1188.0]
37;Subj_15_15.png;[64188, 1348];[64636, 900];[64348.0, 1188.0];[64348.0, 1188.0];[64348.0, 1188.0]
73;Subj_15_16.png;[64156, 1380];[64636, 900];[64348.0, 1188.0];[64348.0, 1188.0];[64348.0, 1188.0]
101;Subj_15_17.png;[64157, 1379];[64636, 900];[64348.0, 1188.0];[64348.0, 1188.0];[64348.0, 1188.0]
79;Subj_15_18.png;[64155, 1381];[64636, 900];[64348.0, 1188.0];[64348.0, 1188.0];[64348.0, 1188.0]
95;Subj_15_19.png;[64178, 1358];[64636, 900];[64348.0, 1188.0];[64348.0, 1188.0];[64348.0, 1188.0]
100;Subj_15_2.png;[65536, 0];[65536, 0];[65536, 0];[64348.0, 1188.0];[0,0]
30;Subj_15_20.png;[64207, 1329];[64636, 900];[64348.0, 1188.0];[64348.0, 1188.0];[64348.0, 1188.0]
11;Subj_15_21.png;[64254, 1282];[64636, 900];[64348.0, 1188.0];[64348.0, 1188.0];[64348.0, 1188.0]
104;Subj_15_22.png;[64350, 1186];[64636, 900];[64348.0, 1188.0];[64348.0, 1188.0];[64348.0, 1188.0]
71;Subj_15_23.png;[64453, 1083];[64636, 900];[64348.0, 1188.0];[64348.0, 1188.0];[64348.0, 1188.0]
70;Subj_15_24.png;[64540, 996];[64636, 900];[64348.0, 1188.0];[64348.0, 1188.0];[64348.0, 1188.0]
105;Subj_15_25.png;[64707, 829];[64636, 900];[64348.0, 1188.0];[64348.0, 1188.0];[64348.0, 1188.0]
9;Subj_15_26.png;[64933, 603];[64636, 900];[64348.0, 1188.0];[64348.0, 1188.0];[64348.0, 1188.0]
31;Subj_15_27.png;[65096, 440];[64636, 900];[64348.0, 1188.0];[64348.0, 1188.0];[64348.0, 1188.0]
13;Subj_15_28.png;[65282, 254];[64636, 900];[64348.0, 1188.0];[64348.0, 1188.0];[64348.0, 1188.0]
27;Subj_15_29.png;[65411, 125];[64636, 900];[64348.0, 1188.0];[64348.0, 1188.0];[0,0]
72;Subj_15_3.png;[65535, 1];[64636, 900];[64348.0, 1188.0];[64348.0, 1188.0];[0,0]
20;Subj_15_30.png;[65443, 93];[64636, 900];[64348.0, 1188.0];[64348.0, 1188.0];[0,0]
49;Subj_15_31.png;[65536, 0];[65536, 0];[65536, 0];[64348.0, 1188.0];[0,0]
61;Subj_15_32.png;[65536, 0];[65536, 0];[65536, 0];[64348.0, 1188.0];[0,0]
88;Subj_15_33.png;[65536, 0];[65536, 0];[65536, 0];[64348.0, 1188.0];[0,0]
86;Subj_15_34.png;[65536, 0];[65536, 0];[65536, 0];[64348.0, 1188.0];[0,0]
63;Subj_15_35.png;[65536, 0];[65536, 0];[65536, 0];[64348.0, 1188.0];[0,0]
77;Subj_15_4.png;[65536, 0];[65536, 0];[65536, 0];[64348.0, 1188.0];[0,0]
99;Subj_15_5.png;[65097, 439];[64636, 900];[64348.0, 1188.0];[64348.0, 1188.0];[64348.0, 1188.0]
8;Subj_15_6.png;[64836, 700];[64636, 900];[64348.0, 1188.0];[64348.0, 1188.0];[64348.0, 1188.0]
35;Subj_15_7.png;[64660, 876];[64636, 900];[64348.0, 1188.0];[64348.0, 1188.0];[64348.0, 1188.0]
1;Subj_15_8.png;[64477, 1059];[64636, 900];[64348.0, 1188.0];[64348.0, 1188.0];[64348.0, 1188.0]
41;Subj_15_9.png;[64399, 1137];[64636, 900];[64348.0, 1188.0];[64348.0, 1188.0];[64348.0, 1188.0]
253;Subj_1_0.png;[65536, 0];[65536, 0];[65536, 0];[64348.0, 1188.0];[0,0]
384;Subj_1_1.png;[65536, 0];[65536, 0];[65536, 0];[64348.0, 1188.0];[0,0]
99;Subj_1_10.png;[64444, 1092];[64636, 900];[64348.0, 1188.0];[64348.0, 1188.0];[64348.0, 1188.0]
186;Subj_1_11.png;[64337, 1199];[64636, 900];[64348.0, 1188.0];[64348.0, 1188.0];[64348.0, 1188.0]
256;Subj_1_12.png;[64255, 1281];[64636, 900];[64348.0, 1188.0];[64348.0, 1188.0];[64348.0, 1188.0]
385;Subj_1_13.png;[64213, 1323];[64636, 900];[64348.0, 1188.0];[64348.0, 1188.0];[64348.0, 1188.0]
399;Subj_1_14.png;[64188, 1348];[64636, 900];[64348.0, 1188.0];[64348.0, 1188.0];[64348.0, 1188.0]
250;Subj_1_15.png;[64133, 1403];[64636, 900];[64348.0, 1188.0];[64348.0, 1188.0];[64348.0, 1188.0]
201;Subj_1_16.png;[64062, 1474];[64636, 900];[64348.0, 1188.0];[64348.0, 1188.0];[64348.0, 1188.0]
94;Subj_1_17.png;[64026, 1510];[64636, 900];[64348.0, 1188.0];[64348.0, 1188.0];[64348.0, 1188.0]
179;Subj_1_18.png;[64082, 1454];[64636, 900];[64348.0, 1188.0];[64348.0, 1188.0];[64348.0, 1188.0]
114;Subj_1_19.png;[64037, 1499];[64636, 900];[64348.0, 1188.0];[64348.0, 1188.0];[64348.0, 1188.0]
97;Subj_1_2.png;[65536, 0];[65536, 0];[65536, 0];[64348.0, 1188.0];[65536,0]
278;Subj_1_20.png;[64088, 1448];[64636, 900];[64348.0, 1188.0];[64348.0, 1188.0];[64348.0, 1188.0]
369;Subj_1_21.png;[64081, 1455];[64636, 900];[64348.0, 1188.0];[64348.0, 1188.0];[64348.0, 1188.0]
83;Subj_1_22.png;[64162, 1374];[64636, 900];[64348.0, 1188.0];[64348.0, 1188.0];[64348.0, 1188.0]
208;Subj_1_23.png;[64250, 1286];[64636, 900];[64348.0, 1188.0];[64348.0, 1188.0];[64348.0, 1188.0]
213;Subj_1_24.png;[64254, 1282];[64636, 900];[64348.0, 1188.0];[64348.0, 1188.0];[64348.0, 1188.0]
67;Subj_1_25.png;[64354, 1182];[64636, 900];[64348.0, 1188.0];[64348.0, 1188.0];[64348.0, 1188.0]
373;Subj_1_26.png;[64499, 1037];[64636, 900];[64348.0, 1188.0];[64348.0, 1188.0];[64348.0, 1188.0]
264;Subj_1_27.png;[64689, 847];[64636, 900];[64348.0, 1188.0];[64348.0, 1188.0];[64348.0, 1188.0]
352;Subj_1_28.png;[65022, 514];[64636, 900];[64348.0, 1188.0];[64348.0, 1188.0];[64348.0, 1188.0]
285;Subj_1_29.png;[65146, 390];[64636, 900];[64348.0, 1188.0];[64348.0, 1188.0];[64348.0, 1188.0]
183;Subj_1_3.png;[65536, 0];[65536, 0];[65536, 0];[64348.0, 1188.0];[65536,0]
454;Subj_1_30.png;[65279, 257];[64636, 900];[64348.0, 1188.0];[64348.0, 1188.0];[64348.0, 1188.0]
313;Subj_1_31.png;[65364, 172];[64636, 900];[64348.0, 1188.0];[64348.0, 1188.0];[64348.0, 1188.0]
140;Subj_1_32.png;[65503, 33];[64636, 900];[64348.0, 1188.0];[64348.0, 1188.0];[0,0]
33;Subj_1_33.png;[65536, 0];[65536, 0];[65536, 0];[64348.0, 1188.0];[0,0]
38;Subj_1_34.png;[65536, 0];[65536, 0];[65536, 0];[64348.0, 1188.0];[0,0]
130;Subj_1_35.png;[65536, 0];[65536, 0];[65536, 0];[64348.0, 1188.0];[0,0]
199;Subj_1_4.png;[65485, 51];[64636, 900];[64348.0, 1188.0];[64348.0, 1188.0];[0,0]
91;Subj_1_5.png;[65380, 156];[64636, 900];[64348.0, 1188.0];[64348.0, 1188.0];[0,0]
398;Subj_1_6.png;[65176, 360];[64636, 900];[64348.0, 1188.0];[64348.0, 1188.0];[64348.0, 1188.0]
249;Subj_1_7.png;[65011, 525];[64636, 900];[64348.0, 1188.0];[64348.0, 1188.0];[64348.0, 1188.0]
404;Subj_1_8.png;[64723, 813];[64636, 900];[64348.0, 1188.0];[64348.0, 1188.0];[64348.0, 1188.0]
240;Subj_1_9.png;[64531, 1005];[64636, 900];[64348.0, 1188.0];[64348.0, 1188.0];[64348.0, 1188.0]
425;Subj_2_0.png;[65536, 0];[65536, 0];[65536, 0];[64348.0, 1188.0];[0,0]
334;Subj_2_1.png;[65536, 0];[65536, 0];[65536, 0];[64348.0, 1188.0];[0,0]
366;Subj_2_10.png;[64392, 1144];[64636, 900];[64348.0, 1188.0];[64348.0, 1188.0];[64348.0, 1188.0]
274;Subj_2_11.png;[64300, 1236];[64636, 900];[64348.0, 1188.0];[64348.0, 1188.0];[64348.0, 1188.0]
204;Subj_2_12.png;[64213, 1323];[64636, 900];[64348.0, 1188.0];[64348.0, 1188.0];[64348.0, 1188.0]
77;Subj_2_13.png;[64142, 1394];[64636, 900];[64348.0, 1188.0];[64348.0, 1188.0];[64348.0, 1188.0]
71;Subj_2_14.png;[64248, 1288];[64636, 900];[64348.0, 1188.0];[64348.0, 1188.0];[64348.0, 1188.0]
218;Subj_2_15.png;[64161, 1375];[64636, 900];[64348.0, 1188.0];[64348.0, 1188.0];[64348.0, 1188.0]
269;Subj_2_16.png;[64051, 1485];[64636, 900];[64348.0, 1188.0];[64348.0, 1188.0];[64348.0, 1188.0]
379;Subj_2_17.png;[64116, 1420];[64636, 900];[64348.0, 1188.0];[64348.0, 1188.0];[64348.0, 1188.0]
291;Subj_2_18.png;[64241, 1295];[64636, 900];[64348.0, 1188.0];[64348.0, 1188.0];[64348.0, 1188.0]
357;Subj_2_19.png;[64226, 1310];[64636, 900];[64348.0, 1188.0];[64348.0, 1188.0];[64348.0, 1188.0]
146;Subj_2_2.png;[65536, 0];[65536, 0];[65536, 0];[64348.0, 1188.0];[0,0]
188;Subj_2_20.png;[64204, 1332];[64636, 900];[64348.0, 1188.0];[64348.0, 1188.0];[64348.0, 1188.0]
101;Subj_2_21.png;[64201, 1335];[64636, 900];[64348.0, 1188.0];[64348.0, 1188.0];[64348.0, 1188.0]
387;Subj_2_22.png;[64241, 1295];[64636, 900];[64348.0, 1188.0];[64348.0, 1188.0];[64348.0, 1188.0]
257;Subj_2_23.png;[64319, 1217];[64636, 900];[64348.0, 1188.0];[64348.0, 1188.0];[64348.0, 1188.0]
243;Subj_2_24.png;[64290, 1246];[64636, 900];[64348.0, 1188.0];[64348.0, 1188.0];[64348.0, 1188.0]
392;Subj_2_25.png;[64392, 1144];[64636, 900];[64348.0, 1188.0];[64348.0, 1188.0];[64348.0, 1188.0]
87;Subj_2_26.png;[64553, 983];[64636, 900];[64348.0, 1188.0];[64348.0, 1188.0];[64348.0, 1188.0]
194;Subj_2_27.png;[64769, 767];[64636, 900];[64348.0, 1188.0];[64348.0, 1188.0];[64348.0, 1188.0]
109;Subj_2_28.png;[65133, 403];[64636, 900];[64348.0, 1188.0];[64348.0, 1188.0];[64348.0, 1188.0]
173;Subj_2_29.png;[65240, 296];[64636, 900];[64348.0, 1188.0];[64348.0, 1188.0];[64348.0, 1188.0]
25;Subj_2_3.png;[65536, 0];[65536, 0];[65536, 0];[64348.0, 1188.0];[0,0]
20;Subj_2_30.png;[65374, 162];[64636, 900];[64348.0, 1188.0];[64348.0, 1188.0];[0,0]
163;Subj_2_31.png;[65536, 0];[65536, 0];[65536, 0];[64348.0, 1188.0];[0,0]
327;Subj_2_32.png;[65536, 0];[65536, 0];[65536, 0];[64348.0, 1188.0];[65536,0]
438;Subj_2_33.png;[65536, 0];[65536, 0];[65536, 0];[64348.0, 1188.0];[0,0]
423;Subj_2_34.png;[65536, 0];[65536, 0];[65536, 0];[64348.0, 1188.0];[0,0]
331;Subj_2_35.png;[65536, 0];[65536, 0];[65536, 0];[64348.0, 1188.0];[0,0]
9;Subj_2_4.png;[65536, 0];[65536, 0];[65536, 0];[64348.0, 1188.0];[0,0]
151;Subj_2_5.png;[65381, 155];[64636, 900];[64348.0, 1188.0];[64348.0, 1188.0];[0,0]
321;Subj_2_6.png;[65104, 432];[64636, 900];[64348.0, 1188.0];[64348.0, 1188.0];[64348.0, 1188.0]
431;Subj_2_7.png;[64820, 716];[64636, 900];[64348.0, 1188.0];[64348.0, 1188.0];[64348.0, 1188.0]
346;Subj_2_8.png;[64683, 853];[64636, 900];[64348.0, 1188.0];[64348.0, 1188.0];[64348.0, 1188.0]
411;Subj_2_9.png;[64525, 1011];[64636, 900];[64348.0, 1188.0];[64348.0, 1188.0];[64348.0, 1188.0]
365;Subj_3_0.png;[65536, 0];[65536, 0];[65536, 0];[64348.0, 1188.0];[0,0]
273;Subj_3_1.png;[65536, 0];[65536, 0];[65536, 0];[64348.0, 1188.0];[0,0]
32;Subj_3_10.png;[64410, 1126];[64636, 900];[64348.0, 1188.0];[64348.0, 1188.0];[64348.0, 1188.0]
139;Subj_3_11.png;[64266, 1270];[64636, 900];[64348.0, 1188.0];[64348.0, 1188.0];[64348.0, 1188.0]
309;Subj_3_12.png;[64175, 1361];[64636, 900];[64348.0, 1188.0];[64348.0, 1188.0];[64348.0, 1188.0]
451;Subj_3_13.png;[64174, 1362];[64636, 900];[64348.0, 1188.0];[64348.0, 1188.0];[64348.0, 1188.0]
441;Subj_3_14.png;[64092, 1444];[64636, 900];[64348.0, 1188.0];[64348.0, 1188.0];[64348.0, 1188.0]
315;Subj_3_15.png;[64149, 1387];[64636, 900];[64348.0, 1188.0];[64348.0, 1188.0];[64348.0, 1188.0]
129;Subj_3_16.png;[64143, 1393];[64636, 900];[64348.0, 1188.0];[64348.0, 1188.0];[64348.0, 1188.0]
37;Subj_3_17.png;[64181, 1355];[64636, 900];[64348.0, 1188.0];[64348.0, 1188.0];[64348.0, 1188.0]
120;Subj_3_18.png;[64125, 1411];[64636, 900];[64348.0, 1188.0];[64348.0, 1188.0];[64348.0, 1188.0]
45;Subj_3_19.png;[64142, 1394];[64636, 900];[64348.0, 1188.0];[64348.0, 1188.0];[64348.0, 1188.0]
205;Subj_3_2.png;[65536, 0];[65536, 0];[65536, 0];[64348.0, 1188.0];[0,0]
324;Subj_3_20.png;[64164, 1372];[64636, 900];[64348.0, 1188.0];[64348.0, 1188.0];[64348.0, 1188.0]
435;Subj_3_21.png;[64187, 1349];[64636, 900];[64348.0, 1188.0];[64348.0, 1188.0];[64348.0, 1188.0]
10;Subj_3_22.png;[64298, 1238];[64636, 900];[64348.0, 1188.0];[64348.0, 1188.0];[64348.0, 1188.0]
154;Subj_3_23.png;[64330, 1206];[64636, 900];[64348.0, 1188.0];[64348.0, 1188.0];[64348.0, 1188.0]
148;Subj_3_24.png;[64429, 1107];[64636, 900];[64348.0, 1188.0];[64348.0, 1188.0];[64348.0, 1188.0]
26;Subj_3_25.png;[64529, 1007];[64636, 900];[64348.0, 1188.0];[64348.0, 1188.0];[64348.0, 1188.0]
429;Subj_3_26.png;[64665, 871];[64636, 900];[64348.0, 1188.0];[64348.0, 1188.0];[64348.0, 1188.0]
337;Subj_3_27.png;[64896, 640];[64636, 900];[64348.0, 1188.0];[64348.0, 1188.0];[64348.0, 1188.0]
420;Subj_3_28.png;[65245, 291];[64636, 900];[64348.0, 1188.0];[64348.0, 1188.0];[64348.0, 1188.0]
345;Subj_3_29.png;[65451, 85];[64636, 900];[64348.0, 1188.0];[64348.0, 1188.0];[0,0]
78;Subj_3_3.png;[65536, 0];[65536, 0];[65536, 0];[64348.0, 1188.0];[65536,0]
383;Subj_3_30.png;[65536, 0];[65536, 0];[65536, 0];[64348.0, 1188.0];[65536,0]
254;Subj_3_31.png;[65536, 0];[65536, 0];[65536, 0];[64348.0, 1188.0];[65536,0]
184;Subj_3_32.png;[65536, 0];[65536, 0];[65536, 0];[64348.0, 1188.0];[0,0]
96;Subj_3_33.png;[65536, 0];[65536, 0];[65536, 0];[64348.0, 1188.0];[0,0]
92;Subj_3_34.png;[65536, 0];[65536, 0];[65536, 0];[64348.0, 1188.0];[65536,0]
198;Subj_3_35.png;[65536, 0];[65536, 0];[65536, 0];[64348.0, 1188.0];[0,0]
72;Subj_3_4.png;[65448, 88];[64636, 900];[64348.0, 1188.0];[64348.0, 1188.0];[0,0]
219;Subj_3_5.png;[65055, 481];[64636, 900];[64348.0, 1188.0];[64348.0, 1188.0];[64348.0, 1188.0]
268;Subj_3_6.png;[64890, 646];[64636, 900];[64348.0, 1188.0];[64348.0, 1188.0];[64348.0, 1188.0]
378;Subj_3_7.png;[64657, 879];[64636, 900];[64348.0, 1188.0];[64348.0, 1188.0];[64348.0, 1188.0]
290;Subj_3_8.png;[64584, 952];[64636, 900];[64348.0, 1188.0];[64348.0, 1188.0];[64348.0, 1188.0]
356;Subj_3_9.png;[64445, 1091];[64636, 900];[64348.0, 1188.0];[64348.0, 1188.0];[64348.0, 1188.0]
61;Subj_4_0.png;[65536, 0];[65536, 0];[65536, 0];[64348.0, 1188.0];[65536,0]
222;Subj_4_1.png;[65536, 0];[65536, 0];[65536, 0];[64348.0, 1188.0];[0,0]
293;Subj_4_10.png;[64013, 1523];[64636, 900];[64348.0, 1188.0];[64348.0, 1188.0];[64348.0, 1188.0]
461;Subj_4_11.png;[64042, 1494];[64636, 900];[64348.0, 1188.0];[64348.0, 1188.0];[64348.0, 1188.0]
44;Subj_4_12.png;[63872, 1664];[64636, 900];[64348.0, 1188.0];[64348.0, 1188.0];[64348.0, 1188.0]
121;Subj_4_13.png;[63876, 1660];[64636, 900];[64348.0, 1188.0];[64348.0, 1188.0];[64348.0, 1188.0]
118;Subj_4_14.png;[63801, 1735];[64636, 900];[64348.0, 1188.0];[64348.0, 1188.0];[64348.0, 1188.0]
54;Subj_4_15.png;[63735, 1801];[64636, 900];[64348.0, 1188.0];[64348.0, 1188.0];[64348.0, 1188.0]
458;Subj_4_16.png;[63709, 1827];[64636, 900];[64348.0, 1188.0];[64348.0, 1188.0];[64348.0, 1188.0]
302;Subj_4_17.png;[63611, 1925];[64636, 900];[64348.0, 1188.0];[64348.0, 1188.0];[64348.0, 1188.0]
450;Subj_4_18.png;[63563, 1973];[64636, 900];[64348.0, 1188.0];[64348.0, 1188.0];[64348.0, 1188.0]
310;Subj_4_19.png;[63552, 1984];[64636, 900];[64348.0, 1188.0];[64348.0, 1188.0];[64348.0, 1188.0]
284;Subj_4_2.png;[65536, 0];[65536, 0];[65536, 0];[64348.0, 1188.0];[65536,0]
2;Subj_4_20.png;[63652, 1884];[64636, 900];[64348.0, 1188.0];[64348.0, 1188.0];[64348.0, 1188.0]
169;Subj_4_21.png;[63642, 1894];[64636, 900];[64348.0, 1188.0];[64348.0, 1188.0];[64348.0, 1188.0]
344;Subj_4_22.png;[63749, 1787];[64636, 900];[64348.0, 1188.0];[64348.0, 1188.0];[64348.0, 1188.0]
421;Subj_4_23.png;[63774, 1762];[64636, 900];[64348.0, 1188.0];[64348.0, 1188.0];[64348.0, 1188.0]
412;Subj_4_24.png;[63851, 1685];[64636, 900];[64348.0, 1188.0];[64348.0, 1188.0];[64348.0, 1188.0]
347;Subj_4_25.png;[63925, 1611];[64636, 900];[64348.0, 1188.0];[64348.0, 1188.0];[64348.0, 1188.0]
164;Subj_4_26.png;[64116, 1420];[64636, 900];[64348.0, 1188.0];[64348.0, 1188.0];[64348.0, 1188.0]
5;Subj_4_27.png;[64317, 1219];[64636, 900];[64348.0, 1188.0];[64348.0, 1188.0];[64348.0, 1188.0]
153;Subj_4_28.png;[64516, 1020];[64636, 900];[64348.0, 1188.0];[64348.0, 1188.0];[64348.0, 1188.0]
11;Subj_4_29.png;[64709, 827];[64636, 900];[64348.0, 1188.0];[64348.0, 1188.0];[64348.0, 1188.0]
350;Subj_4_3.png;[65536, 0];[65536, 0];[65536, 0];[64348.0, 1188.0];[0,0]
176;Subj_4_30.png;[64926, 610];[64636, 900];[64348.0, 1188.0];[64348.0, 1188.0];[64348.0, 1188.0]
112;Subj_4_31.png;[65088, 448];[64636, 900];[64348.0, 1188.0];[64348.0, 1188.0];[64348.0, 1188.0]
403;Subj_4_32.png;[65266, 270];[64636, 900];[64348.0, 1188.0];[64348.0, 1188.0];[64348.0, 1188.0]
241;Subj_4_33.png;[65536, 0];[65536, 0];[65536, 0];[64348.0, 1188.0];[0,0]
232;Subj_4_34.png;[65536, 0];[65536, 0];[65536, 0];[64348.0, 1188.0];[0,0]
406;Subj_4_35.png;[65536, 0];[65536, 0];[65536, 0];[64348.0, 1188.0];[0,0]
360;Subj_4_4.png;[65536, 0];[65536, 0];[65536, 0];[64348.0, 1188.0];[0,0]
281;Subj_4_5.png;[65536, 0];[65536, 0];[65536, 0];[64348.0, 1188.0];[0,0]
230;Subj_4_6.png;[64983, 553];[64636, 900];[64348.0, 1188.0];[64348.0, 1188.0];[64348.0, 1188.0]
59;Subj_4_7.png;[64726, 810];[64636, 900];[64348.0, 1188.0];[64348.0, 1188.0];[64348.0, 1188.0]
207;Subj_4_8.png;[64476, 1060];[64636, 900];[64348.0, 1188.0];[64348.0, 1188.0];[64348.0, 1188.0]
80;Subj_4_9.png;[64268, 1268];[64636, 900];[64348.0, 1188.0];[64348.0, 1188.0];[64348.0, 1188.0]
90;Subj_5_0.png;[65536, 0];[65536, 0];[65536, 0];[64348.0, 1188.0];[0,0]
59;Subj_5_1.png;[65536, 0];[65536, 0];[65536, 0];[64348.0, 1188.0];[0,0]
21;Subj_5_10.png;[64020, 1516];[64636, 900];[64348.0, 1188.0];[64348.0, 1188.0];[64348.0, 1188.0]
46;Subj_5_11.png;[63885, 1651];[64636, 900];[64348.0, 1188.0];[64348.0, 1188.0];[64348.0, 1188.0]
62;Subj_5_12.png;[63791, 1745];[64636, 900];[64348.0, 1188.0];[64348.0, 1188.0];[64348.0, 1188.0]
85;Subj_5_13.png;[63647, 1889];[64636, 900];[64348.0, 1188.0];[64348.0, 1188.0];[64348.0, 1188.0]
87;Subj_5_14.png;[63644, 1892];[64636, 900];[64348.0, 1188.0];[64348.0, 1188.0];[64348.0, 1188.0]
60;Subj_5_15.png;[63720, 1816];[64636, 900];[64348.0, 1188.0];[64348.0, 1188.0];[64348.0, 1188.0]
48;Subj_5_16.png;[63598, 1938];[64636, 900];[64348.0, 1188.0];[64348.0, 1188.0];[64348.0, 1188.0]
19;Subj_5_17.png;[63711, 1825];[64636, 900];[64348.0, 1188.0];[64348.0, 1188.0];[64348.0, 1188.0]
51;Subj_5_18.png;[63489, 2047];[64636, 900];[64348.0, 1188.0];[64348.0, 1188.0];[64348.0, 1188.0]
17;Subj_5_19.png;[63473, 2063];[64636, 900];[64348.0, 1188.0];[64348.0, 1188.0];[64348.0, 1188.0]
43;Subj_5_2.png;[65536, 0];[65536, 0];[65536, 0];[64348.0, 1188.0];[0,0]
58;Subj_5_20.png;[63526, 2010];[64636, 900];[64348.0, 1188.0];[64348.0, 1188.0];[64348.0, 1188.0]
89;Subj_5_21.png;[63597, 1939];[64636, 900];[64348.0, 1188.0];[64348.0, 1188.0];[64348.0, 1188.0]
25;Subj_5_22.png;[63659, 1877];[64636, 900];[64348.0, 1188.0];[64348.0, 1188.0];[64348.0, 1188.0]
42;Subj_5_23.png;[63802, 1734];[64636, 900];[64348.0, 1188.0];[64348.0, 1188.0];[64348.0, 1188.0]
44;Subj_5_24.png;[63938, 1598];[64636, 900];[64348.0, 1188.0];[64348.0, 1188.0];[64348.0, 1188.0]
23;Subj_5_25.png;[64052, 1484];[64636, 900];[64348.0, 1188.0];[64348.0, 1188.0];[64348.0, 1188.0]
91;Subj_5_26.png;[64304, 1232];[64636, 900];[64348.0, 1188.0];[64348.0, 1188.0];[64348.0, 1188.0]
56;Subj_5_27.png;[64465, 1071];[64636, 900];[64348.0, 1188.0];[64348.0, 1188.0];[64348.0, 1188.0]
93;Subj_5_28.png;[64682, 854];[64636, 900];[64348.0, 1188.0];[64348.0, 1188.0];[64348.0, 1188.0]
54;Subj_5_29.png;[64870, 666];[64636, 900];[64348.0, 1188.0];[64348.0, 1188.0];[64348.0, 1188.0]
26;Subj_5_3.png;[65536, 0];[65536, 0];[65536, 0];[64348.0, 1188.0];[0,0]
103;Subj_5_30.png;[65061, 475];[64636, 900];[64348.0, 1188.0];[64348.0, 1188.0];[64348.0, 1188.0]
75;Subj_5_31.png;[65333, 203];[64636, 900];[64348.0, 1188.0];[64348.0, 1188.0];[0,0]
38;Subj_5_32.png;[65536, 0];[65536, 0];[65536, 0];[64348.0, 1188.0];[0,0]
5;Subj_5_33.png;[65536, 0];[65536, 0];[65536, 0];[64348.0, 1188.0];[0,0]
7;Subj_5_34.png;[65536, 0];[65536, 0];[65536, 0];[64348.0, 1188.0];[0,0]
34;Subj_5_35.png;[65536, 0];[65536, 0];[65536, 0];[64348.0, 1188.0];[0,0]
24;Subj_5_4.png;[65423, 113];[64636, 900];[64348.0, 1188.0];[64348.0, 1188.0];[0,0]
45;Subj_5_5.png;[65238, 298];[64636, 900];[64348.0, 1188.0];[64348.0, 1188.0];[64348.0, 1188.0]
57;Subj_5_6.png;[64813, 723];[64636, 900];[64348.0, 1188.0];[64348.0, 1188.0];[64348.0, 1188.0]
92;Subj_5_7.png;[64428, 1108];[64636, 900];[64348.0, 1188.0];[64348.0, 1188.0];[64348.0, 1188.0]
55;Subj_5_8.png;[64209, 1327];[64636, 900];[64348.0, 1188.0];[64348.0, 1188.0];[64348.0, 1188.0]
94;Subj_5_9.png;[64050, 1486];[64636, 900];[64348.0, 1188.0];[64348.0, 1188.0];[64348.0, 1188.0]
175;Subj_6_0.png;[65536, 0];[65536, 0];[65536, 0];[64348.0, 1188.0];[65536,0]
111;Subj_6_1.png;[65536, 0];[65536, 0];[65536, 0];[64348.0, 1188.0];[65536,0]
242;Subj_6_10.png;[63896, 1640];[64636, 900];[64348.0, 1188.0];[64348.0, 1188.0];[64348.0, 1188.0]
405;Subj_6_11.png;[63843, 1693];[64636, 900];[64348.0, 1188.0];[64348.0, 1188.0];[64348.0, 1188.0]
115;Subj_6_12.png;[63817, 1719];[64636, 900];[64348.0, 1188.0];[64348.0, 1188.0];[64348.0, 1188.0]
178;Subj_6_13.png;[63793, 1743];[64636, 900];[64348.0, 1188.0];[64348.0, 1188.0];[64348.0, 1188.0]
180;Subj_6_14.png;[63563, 1973];[64636, 900];[64348.0, 1188.0];[64348.0, 1188.0];[64348.0, 1188.0]
106;Subj_6_15.png;[63610, 1926];[64636, 900];[64348.0, 1188.0];[64348.0, 1188.0];[64348.0, 1188.0]
407;Subj_6_16.png;[63522, 2014];[64636, 900];[64348.0, 1188.0];[64348.0, 1188.0];[64348.0, 1188.0]
233;Subj_6_17.png;[63504, 2032];[64636, 900];[64348.0, 1188.0];[64348.0, 1188.0];[64348.0, 1188.0]
386;Subj_6_18.png;[63663, 1873];[64636, 900];[64348.0, 1188.0];[64348.0, 1188.0];[64348.0, 1188.0]
255;Subj_6_19.png;[63544, 1992];[64636, 900];[64348.0, 1188.0];[64348.0, 1188.0];[64348.0, 1188.0]
402;Subj_6_2.png;[65536, 0];[65536, 0];[65536, 0];[64348.0, 1188.0];[65536,0]
62;Subj_6_20.png;[63681, 1855];[64636, 900];[64348.0, 1188.0];[64348.0, 1188.0];[64348.0, 1188.0]
223;Subj_6_21.png;[63495, 2041];[64636, 900];[64348.0, 1188.0];[64348.0, 1188.0];[64348.0, 1188.0]
286;Subj_6_22.png;[63529, 2007];[64636, 900];[64348.0, 1188.0];[64348.0, 1188.0];[64348.0, 1188.0]
351;Subj_6_23.png;[63568, 1968];[64636, 900];[64348.0, 1188.0];[64348.0, 1188.0];[64348.0, 1188.0]
362;Subj_6_24.png;[63486, 2050];[64636, 900];[64348.0, 1188.0];[64348.0, 1188.0];[64348.0, 1188.0]
282;Subj_6_25.png;[63740, 1796];[64636, 900];[64348.0, 1188.0];[64348.0, 1188.0];[64348.0, 1188.0]
231;Subj_6_26.png;[63947, 1589];[64636, 900];[64348.0, 1188.0];[64348.0, 1188.0];[64348.0, 1188.0]
60;Subj_6_27.png;[64151, 1385];[64636, 900];[64348.0, 1188.0];[64348.0, 1188.0];[64348.0, 1188.0]
209;Subj_6_28.png;[64376, 1160];[64636, 900];[64348.0, 1188.0];[64348.0, 1188.0];[64348.0, 1188.0]
82;Subj_6_29.png;[64640, 896];[64636, 900];[64348.0, 1188.0];[64348.0, 1188.0];[64348.0, 1188.0]
239;Subj_6_3.png;[65353, 183];[64636, 900];[64348.0, 1188.0];[64348.0, 1188.0];[0,0]
122;Subj_6_30.png;[64985, 551];[64636, 900];[64348.0, 1188.0];[64348.0, 1188.0];[64348.0, 1188.0]
46;Subj_6_31.png;[65100, 436];[64636, 900];[64348.0, 1188.0];[64348.0, 1188.0];[64348.0, 1188.0]
463;Subj_6_32.png;[65225, 311];[64636, 900];[64348.0, 1188.0];[64348.0, 1188.0];[64348.0, 1188.0]
295;Subj_6_33.png;[65414, 122];[64636, 900];[64348.0, 1188.0];[64348.0, 1188.0];[0,0]
303;Subj_6_34.png;[65536, 0];[65536, 0];[65536, 0];[64348.0, 1188.0];[0,0]
459;Subj_6_35.png;[65536, 0];[65536, 0];[65536, 0];[64348.0, 1188.0];[0,0]
236;Subj_6_4.png;[65129, 407];[64636, 900];[64348.0, 1188.0];[64348.0, 1188.0];[64348.0, 1188.0]
410;Subj_6_5.png;[64855, 681];[64636, 900];[64348.0, 1188.0];[64348.0, 1188.0];[64348.0, 1188.0]
107;Subj_6_6.png;[64476, 1060];[64636, 900];[64348.0, 1188.0];[64348.0, 1188.0];[64348.0, 1188.0]
181;Subj_6_7.png;[64266, 1270];[64636, 900];[64348.0, 1188.0];[64348.0, 1188.0];[64348.0, 1188.0]
105;Subj_6_8.png;[64046, 1490];[64636, 900];[64348.0, 1188.0];[64348.0, 1188.0];[64348.0, 1188.0]
192;Subj_6_9.png;[63806, 1730];[64636, 900];[64348.0, 1188.0];[64348.0, 1188.0];[64348.0, 1188.0]
119;Subj_7_0.png;[65536, 0];[65536, 0];[65536, 0];[64348.0, 1188.0];[0,0]
55;Subj_7_1.png;[65536, 0];[65536, 0];[65536, 0];[64348.0, 1188.0];[0,0]
167;Subj_7_10.png;[63880, 1656];[64636, 900];[64348.0, 1188.0];[64348.0, 1188.0];[64348.0, 1188.0]
0;Subj_7_11.png;[63765, 1771];[64636, 900];[64348.0, 1188.0];[64348.0, 1188.0];[64348.0, 1188.0]
415;Subj_7_12.png;[63692, 1844];[64636, 900];[64348.0, 1188.0];[64348.0, 1188.0];[64348.0, 1188.0]
339;Subj_7_13.png;[63559, 1977];[64636, 900];[64348.0, 1188.0];[64348.0, 1188.0];[64348.0, 1188.0]
348;Subj_7_14.png;[63643, 1893];[64636, 900];[64348.0, 1188.0];[64348.0, 1188.0];[64348.0, 1188.0]
413;Subj_7_15.png;[63610, 1926];[64636, 900];[64348.0, 1188.0];[64348.0, 1188.0];[64348.0, 1188.0]
6;Subj_7_16.png;[63523, 2013];[64636, 900];[64348.0, 1188.0];[64348.0, 1188.0];[64348.0, 1188.0]
165;Subj_7_17.png;[63531, 2005];[64636, 900];[64348.0, 1188.0];[64348.0, 1188.0];[64348.0, 1188.0]
16;Subj_7_18.png;[63534, 2002];[64636, 900];[64348.0, 1188.0];[64348.0, 1188.0];[64348.0, 1188.0]
159;Subj_7_19.png;[63604, 1932];[64636, 900];[64348.0, 1188.0];[64348.0, 1188.0];[64348.0, 1188.0]
460;Subj_7_2.png;[65536, 0];[65536, 0];[65536, 0];[64348.0, 1188.0];[65536,0]
467;Subj_7_20.png;[63373, 2163];[64636, 900];[64348.0, 1188.0];[64348.0, 1188.0];[64348.0, 1188.0]
299;Subj_7_21.png;[63443, 2093];[64636, 900];[64348.0, 1188.0];[64348.0, 1188.0];[64348.0, 1188.0]
127;Subj_7_22.png;[63417, 2119];[64636, 900];[64348.0, 1188.0];[64348.0, 1188.0];[64348.0, 1188.0]
51;Subj_7_23.png;[63531, 2005];[64636, 900];[64348.0, 1188.0];[64348.0, 1188.0];[64348.0, 1188.0]
53;Subj_7_24.png;[63538, 1998];[64636, 900];[64348.0, 1188.0];[64348.0, 1188.0];[64348.0, 1188.0]
117;Subj_7_25.png;[63702, 1834];[64636, 900];[64348.0, 1188.0];[64348.0, 1188.0];[64348.0, 1188.0]
301;Subj_7_26.png;[63849, 1687];[64636, 900];[64348.0, 1188.0];[64348.0, 1188.0];[64348.0, 1188.0]
457;Subj_7_27.png;[63920, 1616];[64636, 900];[64348.0, 1188.0];[64348.0, 1188.0];[64348.0, 1188.0]
307;Subj_7_28.png;[64373, 1163];[64636, 900];[64348.0, 1188.0];[64348.0, 1188.0];[64348.0, 1188.0]
448;Subj_7_29.png;[64564, 972];[64636, 900];[64348.0, 1188.0];[64348.0, 1188.0];[64348.0, 1188.0]
304;Subj_7_3.png;[65470, 66];[64636, 900];[64348.0, 1188.0];[64348.0, 1188.0];[0,0]
288;Subj_7_30.png;[64836, 700];[64636, 900];[64348.0, 1188.0];[64348.0, 1188.0];[64348.0, 1188.0]
354;Subj_7_31.png;[65089, 447];[64636, 900];[64348.0, 1188.0];[64348.0, 1188.0];[64348.0, 1188.0]
63;Subj_7_32.png;[65274, 262];[64636, 900];[64348.0, 1188.0];[64348.0, 1188.0];[64348.0, 1188.0]
224;Subj_7_33.png;[65420, 116];[64636, 900];[64348.0, 1188.0];[64348.0, 1188.0];[0,0]
228;Subj_7_34.png;[65536, 0];[65536, 0];[65536, 0];[64348.0, 1188.0];[0,0]
57;Subj_7_35.png;[65536, 0];[65536, 0];[65536, 0];[64348.0, 1188.0];[0,0]
297;Subj_7_4.png;[65120, 416];[64636, 900];[64348.0, 1188.0];[64348.0, 1188.0];[64348.0, 1188.0]
464;Subj_7_5.png;[64790, 746];[64636, 900];[64348.0, 1188.0];[64348.0, 1188.0];[64348.0, 1188.0]
48;Subj_7_6.png;[64555, 981];[64636, 900];[64348.0, 1188.0];[64348.0, 1188.0];[64348.0, 1188.0]
124;Subj_7_7.png;[64209, 1327];[64636, 900];[64348.0, 1188.0];[64348.0, 1188.0];[64348.0, 1188.0]
40;Subj_7_8.png;[64120, 1416];[64636, 900];[64348.0, 1188.0];[64348.0, 1188.0];[64348.0, 1188.0]
133;Subj_7_9.png;[63859, 1677];[64636, 900];[64348.0, 1188.0];[64348.0, 1188.0];[64348.0, 1188.0]
70;Subj_8_0.png;[65536, 0];[65536, 0];[65536, 0];[64348.0, 1188.0];[0,0]
216;Subj_8_1.png;[65536, 0];[65536, 0];[65536, 0];[64348.0, 1188.0];[65536,0]
206;Subj_8_10.png;[64552, 984];[64636, 900];[64348.0, 1188.0];[64348.0, 1188.0];[64348.0, 1188.0]
79;Subj_8_11.png;[64515, 1021];[64636, 900];[64348.0, 1188.0];[64348.0, 1188.0];[64348.0, 1188.0]
367;Subj_8_12.png;[64463, 1073];[64636, 900];[64348.0, 1188.0];[64348.0, 1188.0];[64348.0, 1188.0]
275;Subj_8_13.png;[64497, 1039];[64636, 900];[64348.0, 1188.0];[64348.0, 1188.0];[64348.0, 1188.0]
270;Subj_8_14.png;[64225, 1311];[64636, 900];[64348.0, 1188.0];[64348.0, 1188.0];[64348.0, 1188.0]
380;Subj_8_15.png;[64339, 1197];[64636, 900];[64348.0, 1188.0];[64348.0, 1188.0];[64348.0, 1188.0]
74;Subj_8_16.png;[64345, 1191];[64636, 900];[64348.0, 1188.0];[64348.0, 1188.0];[64348.0, 1188.0]
220;Subj_8_17.png;[64321, 1215];[64636, 900];[64348.0, 1188.0];[64348.0, 1188.0];[64348.0, 1188.0]
64;Subj_8_18.png;[64270, 1266];[64636, 900];[64348.0, 1188.0];[64348.0, 1188.0];[64348.0, 1188.0]
226;Subj_8_19.png;[64340, 1196];[64636, 900];[64348.0, 1188.0];[64348.0, 1188.0];[64348.0, 1188.0]
267;Subj_8_2.png;[65536, 0];[65536, 0];[65536, 0];[64348.0, 1188.0];[65536,0]
391;Subj_8_20.png;[64294, 1242];[64636, 900];[64348.0, 1188.0];[64348.0, 1188.0];[64348.0, 1188.0]
261;Subj_8_21.png;[64388, 1148];[64636, 900];[64348.0, 1188.0];[64348.0, 1188.0];[64348.0, 1188.0]
191;Subj_8_22.png;[64506, 1030];[64636, 900];[64348.0, 1188.0];[64348.0, 1188.0];[64348.0, 1188.0]
104;Subj_8_23.png;[64542, 994];[64636, 900];[64348.0, 1188.0];[64348.0, 1188.0];[64348.0, 1188.0]
90;Subj_8_24.png;[64775, 761];[64636, 900];[64348.0, 1188.0];[64348.0, 1188.0];[64348.0, 1188.0]
197;Subj_8_25.png;[64933, 603];[64636, 900];[64348.0, 1188.0];[64348.0, 1188.0];[64348.0, 1188.0]
246;Subj_8_26.png;[65080, 456];[64636, 900];[64348.0, 1188.0];[64348.0, 1188.0];[64348.0, 1188.0]
395;Subj_8_27.png;[65173, 363];[64636, 900];[64348.0, 1188.0];[64348.0, 1188.0];[64348.0, 1188.0]
238;Subj_8_28.png;[65336, 200];[64636, 900];[64348.0, 1188.0];[64348.0, 1188.0];[0,0]
401;Subj_8_29.png;[65446, 90];[64636, 900];[64348.0, 1188.0];[64348.0, 1188.0];[0,0]
376;Subj_8_3.png;[65491, 45];[64636, 900];[64348.0, 1188.0];[64348.0, 1188.0];[0,0]
326;Subj_8_30.png;[65536, 0];[65536, 0];[65536, 0];[64348.0, 1188.0];[0,0]
437;Subj_8_31.png;[65536, 0];[65536, 0];[65536, 0];[64348.0, 1188.0];[65536,0]
15;Subj_8_32.png;[65536, 0];[65536, 0];[65536, 0];[64348.0, 1188.0];[0,0]
158;Subj_8_33.png;[65536, 0];[65536, 0];[65536, 0];[64348.0, 1188.0];[65536,0]
143;Subj_8_34.png;[65536, 0];[65536, 0];[65536, 0];[64348.0, 1188.0];[0,0]
21;Subj_8_35.png;[65536, 0];[65536, 0];[65536, 0];[64348.0, 1188.0];[0,0]
363;Subj_8_4.png;[65338, 198];[64636, 900];[64348.0, 1188.0];[64348.0, 1188.0];[64348.0, 1188.0]
272;Subj_8_5.png;[65262, 274];[64636, 900];[64348.0, 1188.0];[64348.0, 1188.0];[64348.0, 1188.0]
202;Subj_8_6.png;[65043, 493];[64636, 900];[64348.0, 1188.0];[64348.0, 1188.0];[64348.0, 1188.0]
76;Subj_8_7.png;[64840, 696];[64636, 900];[64348.0, 1188.0];[64348.0, 1188.0];[64348.0, 1188.0]
227;Subj_8_8.png;[64837, 699];[64636, 900];[64348.0, 1188.0];[64348.0, 1188.0];[64348.0, 1188.0]
56;Subj_8_9.png;[64559, 977];[64636, 900];[64348.0, 1188.0];[64348.0, 1188.0];[64348.0, 1188.0]
12;Subj_9_0.png;[65536, 0];[65536, 0];[65536, 0];[64348.0, 1188.0];[0,0]
155;Subj_9_1.png;[65536, 0];[65536, 0];[65536, 0];[64348.0, 1188.0];[0,0]
314;Subj_9_10.png;[64458, 1078];[64636, 900];[64348.0, 1188.0];[64348.0, 1188.0];[64348.0, 1188.0]
455;Subj_9_11.png;[64222, 1314];[64636, 900];[64348.0, 1188.0];[64348.0, 1188.0];[64348.0, 1188.0]
35;Subj_9_12.png;[64302, 1234];[64636, 900];[64348.0, 1188.0];[64348.0, 1188.0];[64348.0, 1188.0]
142;Subj_9_13.png;[64306, 1230];[64636, 900];[64348.0, 1188.0];[64348.0, 1188.0];[64348.0, 1188.0]
132;Subj_9_14.png;[64163, 1373];[64636, 900];[64348.0, 1188.0];[64348.0, 1188.0];[64348.0, 1188.0]
41;Subj_9_15.png;[64226, 1310];[64636, 900];[64348.0, 1188.0];[64348.0, 1188.0];[64348.0, 1188.0]
444;Subj_9_16.png;[64139, 1397];[64636, 900];[64348.0, 1188.0];[64348.0, 1188.0];[64348.0, 1188.0]
318;Subj_9_17.png;[64242, 1294];[64636, 900];[64348.0, 1188.0];[64348.0, 1188.0];[64348.0, 1188.0]
465;Subj_9_18.png;[64132, 1404];[64636, 900];[64348.0, 1188.0];[64348.0, 1188.0];[64348.0, 1188.0]
296;Subj_9_19.png;[64211, 1325];[64636, 900];[64348.0, 1188.0];[64348.0, 1188.0];[64348.0, 1188.0]
323;Subj_9_2.png;[65536, 0];[65536, 0];[65536, 0];[64348.0, 1188.0];[0,0]
14;Subj_9_20.png;[64255, 1281];[64636, 900];[64348.0, 1188.0];[64348.0, 1188.0];[64348.0, 1188.0]
157;Subj_9_21.png;[64283, 1253];[64636, 900];[64348.0, 1188.0];[64348.0, 1188.0];[64348.0, 1188.0]
325;Subj_9_22.png;[64351, 1185];[64636, 900];[64348.0, 1188.0];[64348.0, 1188.0];[64348.0, 1188.0]
436;Subj_9_23.png;[64514, 1022];[64636, 900];[64348.0, 1188.0];[64348.0, 1188.0];[64348.0, 1188.0]
430;Subj_9_24.png;[64658, 878];[64636, 900];[64348.0, 1188.0];[64348.0, 1188.0];[64348.0, 1188.0]
338;Subj_9_25.png;[64973, 563];[64636, 900];[64348.0, 1188.0];[64348.0, 1188.0];[64348.0, 1188.0]
150;Subj_9_26.png;[65144, 392];[64636, 900];[64348.0, 1188.0];[64348.0, 1188.0];[64348.0, 1188.0]
28;Subj_9_27.png;[65218, 318];[64636, 900];[64348.0, 1188.0];[64348.0, 1188.0];[64348.0, 1188.0]
171;Subj_9_28.png;[65384, 152];[64636, 900];[64348.0, 1188.0];[64348.0, 1188.0];[64348.0, 1188.0]
4;Subj_9_29.png;[65449, 87];[64636, 900];[64348.0, 1188.0];[64348.0, 1188.0];[0,0]
434;Subj_9_3.png;[65331, 205];[64636, 900];[64348.0, 1188.0];[64348.0, 1188.0];[64348.0, 1188.0]
182;Subj_9_30.png;[65536, 0];[65536, 0];[65536, 0];[64348.0, 1188.0];[0,0]
95;Subj_9_31.png;[65536, 0];[65536, 0];[65536, 0];[64348.0, 1188.0];[0,0]
381;Subj_9_32.png;[65536, 0];[65536, 0];[65536, 0];[64348.0, 1188.0];[0,0]
251;Subj_9_33.png;[65536, 0];[65536, 0];[65536, 0];[64348.0, 1188.0];[0,0]
247;Subj_9_34.png;[65536, 0];[65536, 0];[65536, 0];[64348.0, 1188.0];[0,0]
396;Subj_9_35.png;[65536, 0];[65536, 0];[65536, 0];[64348.0, 1188.0];[0,0]
427;Subj_9_4.png;[65212, 324];[64636, 900];[64348.0, 1188.0];[64348.0, 1188.0];[64348.0, 1188.0]
335;Subj_9_5.png;[65053, 483];[64636, 900];[64348.0, 1188.0];[64348.0, 1188.0];[64348.0, 1188.0]
149;Subj_9_6.png;[65027, 509];[64636, 900];[64348.0, 1188.0];[64348.0, 1188.0];[64348.0, 1188.0]
27;Subj_9_7.png;[64718, 818];[64636, 900];[64348.0, 1188.0];[64348.0, 1188.0];[64348.0, 1188.0]
170;Subj_9_8.png;[64630, 906];[64636, 900];[64348.0, 1188.0];[64348.0, 1188.0];[64348.0, 1188.0]
3;Subj_9_9.png;[64565, 971];[64636, 900];[64348.0, 1188.0];[64348.0, 1188.0];[64348.0, 1188.0]
