val_ids,dumbpredwtags,val_gt_size,dumbprednotags,dumbpredselect,dumbpredselect2,dumbprednotags2,proposal_size
Case00_0.nii,"[140225, 8000]","[147398.0, 827.0]","[140225, 8000]","[0, 0]","[0, 0]","[140225, 8000]","[141379,6077]"
Case00_1.nii,"[140225, 8000]","[147080.0, 1145.0]","[140225, 8000]","[148225, 0]","[148225, 0]","[140225, 8000]","[146131,1325]"
Case00_10.nii,"[140225, 8000]","[143808.0, 4417.0]","[140225, 8000]","[140225, 8000]","[140225, 8000]","[140225, 8000]","[147328,128]"
Case00_11.nii,"[140225, 8000]","[144898.0, 3327.0]","[140225, 8000]","[140225, 8000]","[140225, 8000]","[140225, 8000]","[141814,5642]"
Case00_12.nii,"[140225, 8000]","[146525.0, 1700.0]","[140225, 8000]","[0, 0]","[0, 0]","[140225, 8000]","[142464,4992]"
Case00_13.nii,"[140225, 8000]","[147374.0, 851.0]","[140225, 8000]","[0, 0]","[0, 0]","[140225, 8000]","[143299,4157]"
Case00_14.nii,"[148225, 0]","[148225.0, 0.0]","[140225, 8000]","[0, 0]","[0, 0]","[140225, 8000]","[147279,177]"
Case00_2.nii,"[140225, 8000]","[145619.0, 2606.0]","[140225, 8000]","[148225, 0]","[148225, 0]","[140225, 8000]","[142254,5202]"
Case00_3.nii,"[140225, 8000]","[144725.0, 3500.0]","[140225, 8000]","[0, 0]","[0, 0]","[140225, 8000]","[142875,4581]"
Case00_4.nii,"[140225, 8000]","[144219.0, 4006.0]","[140225, 8000]","[140225, 8000]","[140225, 8000]","[140225, 8000]","[141511,5945]"
Case00_5.nii,"[140225, 8000]","[143765.0, 4460.0]","[140225, 8000]","[140225, 8000]","[140225, 8000]","[140225, 8000]","[141349,6107]"
Case00_6.nii,"[140225, 8000]","[143302.0, 4923.0]","[140225, 8000]","[140225, 8000]","[140225, 8000]","[140225, 8000]","[147009,447]"
Case00_7.nii,"[140225, 8000]","[142995.0, 5230.0]","[140225, 8000]","[140225, 8000]","[140225, 8000]","[140225, 8000]","[139073,8383]"
Case00_8.nii,"[140225, 8000]","[143221.0, 5004.0]","[140225, 8000]","[140225, 8000]","[140225, 8000]","[140225, 8000]","[142737,4719]"
Case00_9.nii,"[140225, 8000]","[143655.0, 4570.0]","[140225, 8000]","[140225, 8000]","[140225, 8000]","[140225, 8000]","[141904,5552]"
Case01_0.nii,"[148225, 0]","[148225.0, 0.0]","[140225, 8000]","[0, 0]","[0, 0]","[140225, 8000]","[147456,0]"
Case01_1.nii,"[148225, 0]","[148225.0, 0.0]","[140225, 8000]","[0, 0]","[0, 0]","[140225, 8000]","[146248,1208]"
Case01_10.nii,"[140225, 8000]","[139714.0, 8511.0]","[140225, 8000]","[140225, 8000]","[140225, 8000]","[140225, 8000]","[143481,3975]"
Case01_11.nii,"[140225, 8000]","[139540.0, 8685.0]","[140225, 8000]","[140225, 8000]","[140225, 8000]","[140225, 8000]","[146566,890]"
Case01_12.nii,"[140225, 8000]","[139793.0, 8432.0]","[140225, 8000]","[140225, 8000]","[140225, 8000]","[140225, 8000]","[144348,3108]"
Case01_13.nii,"[140225, 8000]","[139554.0, 8671.0]","[140225, 8000]","[140225, 8000]","[140225, 8000]","[140225, 8000]","[141193,6263]"
Case01_14.nii,"[140225, 8000]","[143678.0, 4547.0]","[140225, 8000]","[140225, 8000]","[140225, 8000]","[140225, 8000]","[143186,4270]"
Case01_15.nii,"[140225, 8000]","[145351.0, 2874.0]","[140225, 8000]","[140225, 8000]","[140225, 8000]","[140225, 8000]","[143768,3688]"
Case01_16.nii,"[140225, 8000]","[145994.0, 2231.0]","[140225, 8000]","[0, 0]","[0, 0]","[140225, 8000]","[132549,14907]"
Case01_17.nii,"[140225, 8000]","[147152.0, 1073.0]","[140225, 8000]","[0, 0]","[0, 0]","[140225, 8000]","[141994,5462]"
Case01_18.nii,"[148225, 0]","[148225.0, 0.0]","[140225, 8000]","[0, 0]","[0, 0]","[140225, 8000]","[147456,0]"
Case01_19.nii,"[148225, 0]","[148225.0, 0.0]","[140225, 8000]","[148225, 0]","[148225, 0]","[140225, 8000]","[144952,2504]"
Case01_2.nii,"[148225, 0]","[148225.0, 0.0]","[140225, 8000]","[0, 0]","[0, 0]","[140225, 8000]","[143283,4173]"
Case01_3.nii,"[140225, 8000]","[147247.0, 978.0]","[140225, 8000]","[0, 0]","[0, 0]","[140225, 8000]","[142815,4641]"
Case01_4.nii,"[140225, 8000]","[146148.0, 2077.0]","[140225, 8000]","[0, 0]","[0, 0]","[140225, 8000]","[133179,14277]"
Case01_5.nii,"[140225, 8000]","[145587.0, 2638.0]","[140225, 8000]","[0, 0]","[0, 0]","[140225, 8000]","[141093,6363]"
Case01_6.nii,"[140225, 8000]","[144189.0, 4036.0]","[140225, 8000]","[0, 0]","[0, 0]","[140225, 8000]","[144666,2790]"
Case01_7.nii,"[140225, 8000]","[142942.0, 5283.0]","[140225, 8000]","[140225, 8000]","[140225, 8000]","[140225, 8000]","[146568,888]"
Case01_8.nii,"[140225, 8000]","[141197.0, 7028.0]","[140225, 8000]","[140225, 8000]","[140225, 8000]","[140225, 8000]","[146885,571]"
Case01_9.nii,"[140225, 8000]","[140373.0, 7852.0]","[140225, 8000]","[140225, 8000]","[140225, 8000]","[140225, 8000]","[144626,2830]"
Case02_0.nii,"[148225, 0]","[148225.0, 0.0]","[140225, 8000]","[0, 0]","[0, 0]","[140225, 8000]","[144554,2902]"
Case02_1.nii,"[148225, 0]","[148225.0, 0.0]","[140225, 8000]","[0, 0]","[0, 0]","[140225, 8000]","[140452,7004]"
Case02_10.nii,"[140225, 8000]","[141742.0, 6483.0]","[140225, 8000]","[140225, 8000]","[140225, 8000]","[140225, 8000]","[144368,3088]"
Case02_11.nii,"[140225, 8000]","[141050.0, 7175.0]","[140225, 8000]","[140225, 8000]","[140225, 8000]","[140225, 8000]","[145665,1791]"
Case02_12.nii,"[140225, 8000]","[140924.0, 7301.0]","[140225, 8000]","[140225, 8000]","[140225, 8000]","[140225, 8000]","[144803,2653]"
Case02_13.nii,"[140225, 8000]","[140805.0, 7420.0]","[140225, 8000]","[140225, 8000]","[140225, 8000]","[140225, 8000]","[142682,4774]"
Case02_14.nii,"[140225, 8000]","[143122.0, 5103.0]","[140225, 8000]","[140225, 8000]","[140225, 8000]","[140225, 8000]","[143105,4351]"
Case02_15.nii,"[140225, 8000]","[143423.0, 4802.0]","[140225, 8000]","[140225, 8000]","[140225, 8000]","[140225, 8000]","[147456,0]"
Case02_16.nii,"[140225, 8000]","[144806.0, 3419.0]","[140225, 8000]","[140225, 8000]","[140225, 8000]","[140225, 8000]","[142033,5423]"
Case02_17.nii,"[140225, 8000]","[145318.0, 2907.0]","[140225, 8000]","[140225, 8000]","[140225, 8000]","[140225, 8000]","[141637,5819]"
Case02_18.nii,"[140225, 8000]","[145633.0, 2592.0]","[140225, 8000]","[0, 0]","[0, 0]","[140225, 8000]","[142774,4682]"
Case02_19.nii,"[140225, 8000]","[145914.0, 2311.0]","[140225, 8000]","[0, 0]","[0, 0]","[140225, 8000]","[141820,5636]"
Case02_2.nii,"[148225, 0]","[148225.0, 0.0]","[140225, 8000]","[0, 0]","[0, 0]","[140225, 8000]","[147456,0]"
Case02_20.nii,"[140225, 8000]","[146706.0, 1519.0]","[140225, 8000]","[0, 0]","[0, 0]","[140225, 8000]","[138064,9392]"
Case02_21.nii,"[148225, 0]","[148225.0, 0.0]","[140225, 8000]","[148225, 0]","[148225, 0]","[140225, 8000]","[147456,0]"
Case02_22.nii,"[148225, 0]","[148225.0, 0.0]","[140225, 8000]","[0, 0]","[0, 0]","[140225, 8000]","[139219,8237]"
Case02_23.nii,"[148225, 0]","[148225.0, 0.0]","[140225, 8000]","[0, 0]","[0, 0]","[140225, 8000]","[131899,15557]"
Case02_3.nii,"[140225, 8000]","[147436.0, 789.0]","[140225, 8000]","[0, 0]","[0, 0]","[140225, 8000]","[143497,3959]"
Case02_4.nii,"[140225, 8000]","[147143.0, 1082.0]","[140225, 8000]","[148225, 0]","[148225, 0]","[140225, 8000]","[144046,3410]"
Case02_5.nii,"[140225, 8000]","[146584.0, 1641.0]","[140225, 8000]","[0, 0]","[0, 0]","[140225, 8000]","[140118,7338]"
Case02_6.nii,"[140225, 8000]","[145410.0, 2815.0]","[140225, 8000]","[0, 0]","[0, 0]","[140225, 8000]","[145758,1698]"
Case02_7.nii,"[140225, 8000]","[144210.0, 4015.0]","[140225, 8000]","[0, 0]","[0, 0]","[140225, 8000]","[145213,2243]"
Case02_8.nii,"[140225, 8000]","[143207.0, 5018.0]","[140225, 8000]","[140225, 8000]","[140225, 8000]","[140225, 8000]","[145024,2432]"
Case02_9.nii,"[140225, 8000]","[142318.0, 5907.0]","[140225, 8000]","[140225, 8000]","[140225, 8000]","[140225, 8000]","[147456,0]"
Case03_0.nii,"[148225, 0]","[148225.0, 0.0]","[140225, 8000]","[0, 0]","[0, 0]","[140225, 8000]","[141132,6324]"
Case03_1.nii,"[148225, 0]","[148225.0, 0.0]","[140225, 8000]","[0, 0]","[0, 0]","[140225, 8000]","[147186,270]"
Case03_10.nii,"[140225, 8000]","[140021.0, 8204.0]","[140225, 8000]","[140225, 8000]","[140225, 8000]","[140225, 8000]","[138285,9171]"
Case03_11.nii,"[140225, 8000]","[139283.0, 8942.0]","[140225, 8000]","[140225, 8000]","[140225, 8000]","[140225, 8000]","[143468,3988]"
Case03_12.nii,"[140225, 8000]","[139164.0, 9061.0]","[140225, 8000]","[140225, 8000]","[140225, 8000]","[140225, 8000]","[140316,7140]"
Case03_13.nii,"[140225, 8000]","[139425.0, 8800.0]","[140225, 8000]","[140225, 8000]","[140225, 8000]","[140225, 8000]","[142989,4467]"
Case03_14.nii,"[140225, 8000]","[139884.0, 8341.0]","[140225, 8000]","[140225, 8000]","[140225, 8000]","[140225, 8000]","[145116,2340]"
Case03_15.nii,"[140225, 8000]","[141583.0, 6642.0]","[140225, 8000]","[140225, 8000]","[140225, 8000]","[140225, 8000]","[138791,8665]"
Case03_16.nii,"[140225, 8000]","[144992.0, 3233.0]","[140225, 8000]","[140225, 8000]","[140225, 8000]","[140225, 8000]","[147454,2]"
Case03_17.nii,"[140225, 8000]","[147116.0, 1109.0]","[140225, 8000]","[0, 0]","[0, 0]","[140225, 8000]","[147261,195]"
Case03_18.nii,"[148225, 0]","[148225.0, 0.0]","[140225, 8000]","[0, 0]","[0, 0]","[140225, 8000]","[147235,221]"
Case03_19.nii,"[148225, 0]","[148225.0, 0.0]","[140225, 8000]","[0, 0]","[0, 0]","[140225, 8000]","[141100,6356]"
Case03_2.nii,"[148225, 0]","[148225.0, 0.0]","[140225, 8000]","[0, 0]","[0, 0]","[140225, 8000]","[145317,2139]"
Case03_3.nii,"[148225, 0]","[148225.0, 0.0]","[140225, 8000]","[0, 0]","[0, 0]","[140225, 8000]","[142516,4940]"
Case03_4.nii,"[140225, 8000]","[146810.0, 1415.0]","[140225, 8000]","[0, 0]","[0, 0]","[140225, 8000]","[144768,2688]"
Case03_5.nii,"[140225, 8000]","[145226.0, 2999.0]","[140225, 8000]","[0, 0]","[0, 0]","[140225, 8000]","[143188,4268]"
Case03_6.nii,"[140225, 8000]","[143816.0, 4409.0]","[140225, 8000]","[0, 0]","[0, 0]","[140225, 8000]","[130177,17279]"
Case03_7.nii,"[140225, 8000]","[142831.0, 5394.0]","[140225, 8000]","[0, 0]","[0, 0]","[140225, 8000]","[145332,2124]"
Case03_8.nii,"[140225, 8000]","[141631.0, 6594.0]","[140225, 8000]","[140225, 8000]","[140225, 8000]","[140225, 8000]","[146047,1409]"
Case03_9.nii,"[140225, 8000]","[140547.0, 7678.0]","[140225, 8000]","[140225, 8000]","[140225, 8000]","[140225, 8000]","[145252,2204]"
Case04_0.nii,"[148225, 0]","[148225.0, 0.0]","[140225, 8000]","[140225, 8000]","[140225, 8000]","[140225, 8000]","[147439,17]"
Case04_1.nii,"[148225, 0]","[148225.0, 0.0]","[140225, 8000]","[140225, 8000]","[140225, 8000]","[140225, 8000]","[147456,0]"
Case04_10.nii,"[140225, 8000]","[142755.0, 5470.0]","[140225, 8000]","[140225, 8000]","[140225, 8000]","[140225, 8000]","[143716,3740]"
Case04_11.nii,"[140225, 8000]","[142180.0, 6045.0]","[140225, 8000]","[140225, 8000]","[140225, 8000]","[140225, 8000]","[147456,0]"
Case04_12.nii,"[140225, 8000]","[141812.0, 6413.0]","[140225, 8000]","[140225, 8000]","[140225, 8000]","[140225, 8000]","[141328,6128]"
Case04_13.nii,"[140225, 8000]","[141878.0, 6347.0]","[140225, 8000]","[140225, 8000]","[140225, 8000]","[140225, 8000]","[141147,6309]"
Case04_14.nii,"[140225, 8000]","[143928.0, 4297.0]","[140225, 8000]","[140225, 8000]","[140225, 8000]","[140225, 8000]","[145917,1539]"
Case04_15.nii,"[140225, 8000]","[145170.0, 3055.0]","[140225, 8000]","[140225, 8000]","[140225, 8000]","[140225, 8000]","[146014,1442]"
Case04_16.nii,"[140225, 8000]","[146002.0, 2223.0]","[140225, 8000]","[140225, 8000]","[140225, 8000]","[140225, 8000]","[144019,3437]"
Case04_17.nii,"[140225, 8000]","[147234.0, 991.0]","[140225, 8000]","[0, 0]","[0, 0]","[140225, 8000]","[130747,16709]"
Case04_18.nii,"[140225, 8000]","[147666.0, 559.0]","[140225, 8000]","[0, 0]","[0, 0]","[140225, 8000]","[145412,2044]"
Case04_19.nii,"[148225, 0]","[148225.0, 0.0]","[140225, 8000]","[148225, 0]","[148225, 0]","[140225, 8000]","[147456,0]"
Case04_2.nii,"[148225, 0]","[148225.0, 0.0]","[140225, 8000]","[140225, 8000]","[140225, 8000]","[140225, 8000]","[146073,1383]"
Case04_3.nii,"[148225, 0]","[148225.0, 0.0]","[140225, 8000]","[140225, 8000]","[140225, 8000]","[140225, 8000]","[147456,0]"
Case04_4.nii,"[148225, 0]","[148225.0, 0.0]","[140225, 8000]","[0, 0]","[0, 0]","[140225, 8000]","[138231,9225]"
Case04_5.nii,"[148225, 0]","[148225.0, 0.0]","[140225, 8000]","[0, 0]","[0, 0]","[140225, 8000]","[140239,7217]"
Case04_6.nii,"[140225, 8000]","[147241.0, 984.0]","[140225, 8000]","[0, 0]","[0, 0]","[140225, 8000]","[146934,522]"
Case04_7.nii,"[140225, 8000]","[146269.0, 1956.0]","[140225, 8000]","[140225, 8000]","[140225, 8000]","[140225, 8000]","[142429,5027]"
Case04_8.nii,"[140225, 8000]","[145065.0, 3160.0]","[140225, 8000]","[140225, 8000]","[140225, 8000]","[140225, 8000]","[144475,2981]"
Case04_9.nii,"[140225, 8000]","[143756.0, 4469.0]","[140225, 8000]","[140225, 8000]","[140225, 8000]","[140225, 8000]","[141289,6167]"
Case05_0.nii,"[148225, 0]","[148225.0, 0.0]","[140225, 8000]","[0, 0]","[0, 0]","[140225, 8000]","[145498,1958]"
Case05_1.nii,"[148225, 0]","[148225.0, 0.0]","[140225, 8000]","[140225, 8000]","[140225, 8000]","[140225, 8000]","[142685,4771]"
Case05_10.nii,"[140225, 8000]","[142048.0, 6177.0]","[140225, 8000]","[140225, 8000]","[140225, 8000]","[140225, 8000]","[138465,8991]"
Case05_11.nii,"[140225, 8000]","[143776.0, 4449.0]","[140225, 8000]","[140225, 8000]","[140225, 8000]","[140225, 8000]","[147410,46]"
Case05_12.nii,"[140225, 8000]","[144531.0, 3694.0]","[140225, 8000]","[140225, 8000]","[140225, 8000]","[140225, 8000]","[144265,3191]"
Case05_13.nii,"[140225, 8000]","[144719.0, 3506.0]","[140225, 8000]","[140225, 8000]","[140225, 8000]","[140225, 8000]","[143312,4144]"
Case05_14.nii,"[140225, 8000]","[144231.0, 3994.0]","[140225, 8000]","[0, 0]","[0, 0]","[140225, 8000]","[147456,0]"
Case05_15.nii,"[140225, 8000]","[145386.0, 2839.0]","[140225, 8000]","[0, 0]","[0, 0]","[140225, 8000]","[138682,8774]"
Case05_16.nii,"[140225, 8000]","[146602.0, 1623.0]","[140225, 8000]","[0, 0]","[0, 0]","[140225, 8000]","[146053,1403]"
Case05_17.nii,"[140225, 8000]","[147130.0, 1095.0]","[140225, 8000]","[148225, 0]","[148225, 0]","[140225, 8000]","[145723,1733]"
Case05_18.nii,"[148225, 0]","[148225.0, 0.0]","[140225, 8000]","[148225, 0]","[148225, 0]","[140225, 8000]","[144747,2709]"
Case05_19.nii,"[148225, 0]","[148225.0, 0.0]","[140225, 8000]","[148225, 0]","[148225, 0]","[140225, 8000]","[138735,8721]"
Case05_2.nii,"[148225, 0]","[148225.0, 0.0]","[140225, 8000]","[0, 0]","[0, 0]","[140225, 8000]","[147456,0]"
Case05_3.nii,"[140225, 8000]","[146878.0, 1347.0]","[140225, 8000]","[0, 0]","[0, 0]","[140225, 8000]","[145516,1940]"
Case05_4.nii,"[140225, 8000]","[145260.0, 2965.0]","[140225, 8000]","[140225, 8000]","[140225, 8000]","[140225, 8000]","[143720,3736]"
Case05_5.nii,"[140225, 8000]","[144385.0, 3840.0]","[140225, 8000]","[140225, 8000]","[140225, 8000]","[140225, 8000]","[142892,4564]"
Case05_6.nii,"[140225, 8000]","[143069.0, 5156.0]","[140225, 8000]","[0, 0]","[0, 0]","[140225, 8000]","[141049,6407]"
Case05_7.nii,"[140225, 8000]","[142546.0, 5679.0]","[140225, 8000]","[140225, 8000]","[140225, 8000]","[140225, 8000]","[146411,1045]"
Case05_8.nii,"[140225, 8000]","[142335.0, 5890.0]","[140225, 8000]","[140225, 8000]","[140225, 8000]","[140225, 8000]","[141477,5979]"
Case05_9.nii,"[140225, 8000]","[141831.0, 6394.0]","[140225, 8000]","[140225, 8000]","[140225, 8000]","[140225, 8000]","[129135,18321]"
Case06_0.nii,"[148225, 0]","[148225.0, 0.0]","[140225, 8000]","[0, 0]","[0, 0]","[140225, 8000]","[143308,4148]"
Case06_1.nii,"[148225, 0]","[148225.0, 0.0]","[140225, 8000]","[140225, 8000]","[140225, 8000]","[140225, 8000]","[144199,3257]"
Case06_10.nii,"[140225, 8000]","[147496.0, 729.0]","[140225, 8000]","[0, 0]","[0, 0]","[140225, 8000]","[141510,5946]"
Case06_11.nii,"[140225, 8000]","[147141.0, 1084.0]","[140225, 8000]","[0, 0]","[0, 0]","[140225, 8000]","[141789,5667]"
Case06_12.nii,"[140225, 8000]","[146017.0, 2208.0]","[140225, 8000]","[0, 0]","[0, 0]","[140225, 8000]","[142171,5285]"
Case06_13.nii,"[140225, 8000]","[144795.0, 3430.0]","[140225, 8000]","[0, 0]","[0, 0]","[140225, 8000]","[146558,898]"
Case06_14.nii,"[140225, 8000]","[144588.0, 3637.0]","[140225, 8000]","[0, 0]","[0, 0]","[140225, 8000]","[147119,337]"
Case06_15.nii,"[140225, 8000]","[145484.0, 2741.0]","[140225, 8000]","[0, 0]","[0, 0]","[140225, 8000]","[145726,1730]"
Case06_16.nii,"[140225, 8000]","[146254.0, 1971.0]","[140225, 8000]","[0, 0]","[0, 0]","[140225, 8000]","[147442,14]"
Case06_17.nii,"[140225, 8000]","[147385.0, 840.0]","[140225, 8000]","[148225, 0]","[148225, 0]","[140225, 8000]","[133863,13593]"
Case06_18.nii,"[148225, 0]","[148225.0, 0.0]","[140225, 8000]","[148225, 0]","[148225, 0]","[140225, 8000]","[132596,14860]"
Case06_19.nii,"[148225, 0]","[148225.0, 0.0]","[140225, 8000]","[148225, 0]","[148225, 0]","[140225, 8000]","[143189,4267]"
Case06_2.nii,"[148225, 0]","[148225.0, 0.0]","[140225, 8000]","[0, 0]","[0, 0]","[140225, 8000]","[145543,1913]"
Case06_3.nii,"[148225, 0]","[148225.0, 0.0]","[140225, 8000]","[140225, 8000]","[140225, 8000]","[140225, 8000]","[143779,3677]"
Case06_4.nii,"[148225, 0]","[148225.0, 0.0]","[140225, 8000]","[0, 0]","[0, 0]","[140225, 8000]","[146235,1221]"
Case06_5.nii,"[148225, 0]","[148225.0, 0.0]","[140225, 8000]","[0, 0]","[0, 0]","[140225, 8000]","[143587,3869]"
Case06_6.nii,"[148225, 0]","[148225.0, 0.0]","[140225, 8000]","[0, 0]","[0, 0]","[140225, 8000]","[147323,133]"
Case06_7.nii,"[148225, 0]","[148225.0, 0.0]","[140225, 8000]","[0, 0]","[0, 0]","[140225, 8000]","[145619,1837]"
Case06_8.nii,"[148225, 0]","[148225.0, 0.0]","[140225, 8000]","[0, 0]","[0, 0]","[140225, 8000]","[142121,5335]"
Case06_9.nii,"[140225, 8000]","[147646.0, 579.0]","[140225, 8000]","[0, 0]","[0, 0]","[140225, 8000]","[146235,1221]"
Case07_0.nii,"[148225, 0]","[148225.0, 0.0]","[140225, 8000]","[0, 0]","[0, 0]","[140225, 8000]","[144414,3042]"
Case07_1.nii,"[148225, 0]","[148225.0, 0.0]","[140225, 8000]","[0, 0]","[0, 0]","[140225, 8000]","[147454,2]"
Case07_10.nii,"[140225, 8000]","[142247.0, 5978.0]","[140225, 8000]","[140225, 8000]","[140225, 8000]","[140225, 8000]","[142521,4935]"
Case07_11.nii,"[140225, 8000]","[143812.0, 4413.0]","[140225, 8000]","[140225, 8000]","[140225, 8000]","[140225, 8000]","[138085,9371]"
Case07_12.nii,"[140225, 8000]","[145264.0, 2961.0]","[140225, 8000]","[0, 0]","[0, 0]","[140225, 8000]","[144310,3146]"
Case07_13.nii,"[148225, 0]","[148225.0, 0.0]","[140225, 8000]","[0, 0]","[0, 0]","[140225, 8000]","[146846,610]"
Case07_14.nii,"[148225, 0]","[148225.0, 0.0]","[140225, 8000]","[148225, 0]","[148225, 0]","[140225, 8000]","[129569,17887]"
Case07_2.nii,"[140225, 8000]","[147151.0, 1074.0]","[140225, 8000]","[0, 0]","[0, 0]","[140225, 8000]","[147121,335]"
Case07_3.nii,"[140225, 8000]","[146208.0, 2017.0]","[140225, 8000]","[0, 0]","[0, 0]","[140225, 8000]","[140787,6669]"
Case07_4.nii,"[140225, 8000]","[145217.0, 3008.0]","[140225, 8000]","[0, 0]","[0, 0]","[140225, 8000]","[145401,2055]"
Case07_5.nii,"[140225, 8000]","[144229.0, 3996.0]","[140225, 8000]","[0, 0]","[0, 0]","[140225, 8000]","[144570,2886]"
Case07_6.nii,"[140225, 8000]","[142732.0, 5493.0]","[140225, 8000]","[0, 0]","[0, 0]","[140225, 8000]","[147456,0]"
Case07_7.nii,"[140225, 8000]","[142417.0, 5808.0]","[140225, 8000]","[140225, 8000]","[140225, 8000]","[140225, 8000]","[145397,2059]"
Case07_8.nii,"[140225, 8000]","[141316.0, 6909.0]","[140225, 8000]","[140225, 8000]","[140225, 8000]","[140225, 8000]","[147456,0]"
Case07_9.nii,"[140225, 8000]","[141087.0, 7138.0]","[140225, 8000]","[140225, 8000]","[140225, 8000]","[140225, 8000]","[147456,0]"
Case08_0.nii,"[140225, 8000]","[147504.0, 721.0]","[140225, 8000]","[0, 0]","[0, 0]","[140225, 8000]","[142518,4938]"
Case08_1.nii,"[140225, 8000]","[145394.0, 2831.0]","[140225, 8000]","[0, 0]","[0, 0]","[140225, 8000]","[143774,3682]"
Case08_10.nii,"[140225, 8000]","[136606.0, 11619.0]","[140225, 8000]","[140225, 8000]","[140225, 8000]","[140225, 8000]","[141273,6183]"
Case08_11.nii,"[140225, 8000]","[137272.0, 10953.0]","[140225, 8000]","[140225, 8000]","[140225, 8000]","[140225, 8000]","[144562,2894]"
Case08_12.nii,"[140225, 8000]","[139394.0, 8831.0]","[140225, 8000]","[140225, 8000]","[140225, 8000]","[140225, 8000]","[141361,6095]"
Case08_13.nii,"[140225, 8000]","[142201.0, 6024.0]","[140225, 8000]","[140225, 8000]","[140225, 8000]","[140225, 8000]","[142209,5247]"
Case08_14.nii,"[140225, 8000]","[143654.0, 4571.0]","[140225, 8000]","[0, 0]","[0, 0]","[140225, 8000]","[147309,147]"
Case08_15.nii,"[140225, 8000]","[145214.0, 3011.0]","[140225, 8000]","[0, 0]","[0, 0]","[140225, 8000]","[145903,1553]"
Case08_16.nii,"[140225, 8000]","[146091.0, 2134.0]","[140225, 8000]","[0, 0]","[0, 0]","[140225, 8000]","[147456,0]"
Case08_2.nii,"[140225, 8000]","[142923.0, 5302.0]","[140225, 8000]","[0, 0]","[0, 0]","[140225, 8000]","[147456,0]"
Case08_3.nii,"[140225, 8000]","[140304.0, 7921.0]","[140225, 8000]","[140225, 8000]","[140225, 8000]","[140225, 8000]","[143039,4417]"
Case08_4.nii,"[140225, 8000]","[139011.0, 9214.0]","[140225, 8000]","[140225, 8000]","[140225, 8000]","[140225, 8000]","[145945,1511]"
Case08_5.nii,"[140225, 8000]","[137748.0, 10477.0]","[140225, 8000]","[140225, 8000]","[140225, 8000]","[140225, 8000]","[142372,5084]"
Case08_6.nii,"[140225, 8000]","[136902.0, 11323.0]","[140225, 8000]","[140225, 8000]","[140225, 8000]","[140225, 8000]","[144930,2526]"
Case08_7.nii,"[140225, 8000]","[136255.0, 11970.0]","[140225, 8000]","[140225, 8000]","[140225, 8000]","[140225, 8000]","[144896,2560]"
Case08_8.nii,"[140225, 8000]","[135761.0, 12464.0]","[140225, 8000]","[140225, 8000]","[140225, 8000]","[140225, 8000]","[147250,206]"
Case08_9.nii,"[140225, 8000]","[136098.0, 12127.0]","[140225, 8000]","[140225, 8000]","[140225, 8000]","[140225, 8000]","[146543,913]"
Case09_0.nii,"[148225, 0]","[148225.0, 0.0]","[140225, 8000]","[0, 0]","[0, 0]","[140225, 8000]","[146864,592]"
Case09_1.nii,"[148225, 0]","[148225.0, 0.0]","[140225, 8000]","[0, 0]","[0, 0]","[140225, 8000]","[145775,1681]"
Case09_10.nii,"[140225, 8000]","[141711.0, 6514.0]","[140225, 8000]","[140225, 8000]","[140225, 8000]","[140225, 8000]","[143899,3557]"
Case09_11.nii,"[140225, 8000]","[141987.0, 6238.0]","[140225, 8000]","[140225, 8000]","[140225, 8000]","[140225, 8000]","[144339,3117]"
Case09_12.nii,"[140225, 8000]","[143343.0, 4882.0]","[140225, 8000]","[140225, 8000]","[140225, 8000]","[140225, 8000]","[141841,5615]"
Case09_13.nii,"[140225, 8000]","[143994.0, 4231.0]","[140225, 8000]","[140225, 8000]","[140225, 8000]","[140225, 8000]","[144820,2636]"
Case09_14.nii,"[140225, 8000]","[147037.0, 1188.0]","[140225, 8000]","[0, 0]","[0, 0]","[140225, 8000]","[147051,405]"
Case09_15.nii,"[140225, 8000]","[147741.0, 484.0]","[140225, 8000]","[148225, 0]","[148225, 0]","[140225, 8000]","[144781,2675]"
Case09_16.nii,"[148225, 0]","[148225.0, 0.0]","[140225, 8000]","[148225, 0]","[148225, 0]","[140225, 8000]","[141369,6087]"
Case09_17.nii,"[148225, 0]","[148225.0, 0.0]","[140225, 8000]","[0, 0]","[0, 0]","[140225, 8000]","[147256,200]"
Case09_18.nii,"[148225, 0]","[148225.0, 0.0]","[140225, 8000]","[148225, 0]","[148225, 0]","[140225, 8000]","[141876,5580]"
Case09_19.nii,"[148225, 0]","[148225.0, 0.0]","[140225, 8000]","[148225, 0]","[148225, 0]","[140225, 8000]","[147456,0]"
Case09_2.nii,"[148225, 0]","[148225.0, 0.0]","[140225, 8000]","[0, 0]","[0, 0]","[140225, 8000]","[145415,2041]"
Case09_3.nii,"[148225, 0]","[148225.0, 0.0]","[140225, 8000]","[140225, 8000]","[140225, 8000]","[140225, 8000]","[140882,6574]"
Case09_4.nii,"[140225, 8000]","[146343.0, 1882.0]","[140225, 8000]","[0, 0]","[0, 0]","[140225, 8000]","[146969,487]"
Case09_5.nii,"[140225, 8000]","[145568.0, 2657.0]","[140225, 8000]","[0, 0]","[0, 0]","[140225, 8000]","[146810,646]"
Case09_6.nii,"[140225, 8000]","[144556.0, 3669.0]","[140225, 8000]","[140225, 8000]","[140225, 8000]","[140225, 8000]","[139522,7934]"
Case09_7.nii,"[140225, 8000]","[143660.0, 4565.0]","[140225, 8000]","[0, 0]","[0, 0]","[140225, 8000]","[129276,18180]"
Case09_8.nii,"[140225, 8000]","[142545.0, 5680.0]","[140225, 8000]","[140225, 8000]","[140225, 8000]","[140225, 8000]","[145559,1897]"
Case09_9.nii,"[140225, 8000]","[141745.0, 6480.0]","[140225, 8000]","[140225, 8000]","[140225, 8000]","[140225, 8000]","[147436,20]"
Case10_0.nii,"[148225, 0]","[148225.0, 0.0]","[140225, 8000]","[0, 0]","[0, 0]","[140225, 8000]","[147456,0]"
Case10_1.nii,"[148225, 0]","[148225.0, 0.0]","[140225, 8000]","[0, 0]","[0, 0]","[140225, 8000]","[146749,707]"
Case10_10.nii,"[140225, 8000]","[142235.0, 5990.0]","[140225, 8000]","[140225, 8000]","[140225, 8000]","[140225, 8000]","[141028,6428]"
Case10_11.nii,"[140225, 8000]","[141964.0, 6261.0]","[140225, 8000]","[140225, 8000]","[140225, 8000]","[140225, 8000]","[137241,10215]"
Case10_12.nii,"[140225, 8000]","[142328.0, 5897.0]","[140225, 8000]","[140225, 8000]","[140225, 8000]","[140225, 8000]","[142931,4525]"
Case10_13.nii,"[140225, 8000]","[143271.0, 4954.0]","[140225, 8000]","[140225, 8000]","[140225, 8000]","[140225, 8000]","[139527,7929]"
Case10_14.nii,"[140225, 8000]","[145067.0, 3158.0]","[140225, 8000]","[0, 0]","[0, 0]","[140225, 8000]","[140853,6603]"
Case10_15.nii,"[140225, 8000]","[146058.0, 2167.0]","[140225, 8000]","[0, 0]","[0, 0]","[140225, 8000]","[145156,2300]"
Case10_16.nii,"[140225, 8000]","[147767.0, 458.0]","[140225, 8000]","[0, 0]","[0, 0]","[140225, 8000]","[147456,0]"
Case10_17.nii,"[148225, 0]","[148225.0, 0.0]","[140225, 8000]","[148225, 0]","[148225, 0]","[140225, 8000]","[140140,7316]"
Case10_18.nii,"[148225, 0]","[148225.0, 0.0]","[140225, 8000]","[148225, 0]","[148225, 0]","[140225, 8000]","[136160,11296]"
Case10_19.nii,"[148225, 0]","[148225.0, 0.0]","[140225, 8000]","[148225, 0]","[148225, 0]","[140225, 8000]","[144314,3142]"
Case10_2.nii,"[148225, 0]","[148225.0, 0.0]","[140225, 8000]","[0, 0]","[0, 0]","[140225, 8000]","[147194,262]"
Case10_3.nii,"[148225, 0]","[148225.0, 0.0]","[140225, 8000]","[0, 0]","[0, 0]","[140225, 8000]","[147456,0]"
Case10_4.nii,"[148225, 0]","[148225.0, 0.0]","[140225, 8000]","[0, 0]","[0, 0]","[140225, 8000]","[146086,1370]"
Case10_5.nii,"[140225, 8000]","[147268.0, 957.0]","[140225, 8000]","[0, 0]","[0, 0]","[140225, 8000]","[145960,1496]"
Case10_6.nii,"[140225, 8000]","[146143.0, 2082.0]","[140225, 8000]","[0, 0]","[0, 0]","[140225, 8000]","[141860,5596]"
Case10_7.nii,"[140225, 8000]","[144526.0, 3699.0]","[140225, 8000]","[0, 0]","[0, 0]","[140225, 8000]","[147032,424]"
Case10_8.nii,"[140225, 8000]","[143465.0, 4760.0]","[140225, 8000]","[140225, 8000]","[140225, 8000]","[140225, 8000]","[146439,1017]"
Case10_9.nii,"[140225, 8000]","[142894.0, 5331.0]","[140225, 8000]","[140225, 8000]","[140225, 8000]","[140225, 8000]","[146894,562]"
Case11_0.nii,"[148225, 0]","[148225.0, 0.0]","[140225, 8000]","[0, 0]","[0, 0]","[140225, 8000]","[134458,12998]"
Case11_1.nii,"[148225, 0]","[148225.0, 0.0]","[140225, 8000]","[148225, 0]","[148225, 0]","[140225, 8000]","[146070,1386]"
Case11_10.nii,"[140225, 8000]","[140880.0, 7345.0]","[140225, 8000]","[140225, 8000]","[140225, 8000]","[140225, 8000]","[147456,0]"
Case11_11.nii,"[140225, 8000]","[139883.0, 8342.0]","[140225, 8000]","[140225, 8000]","[140225, 8000]","[140225, 8000]","[145313,2143]"
Case11_12.nii,"[140225, 8000]","[139925.0, 8300.0]","[140225, 8000]","[140225, 8000]","[140225, 8000]","[140225, 8000]","[145685,1771]"
Case11_13.nii,"[140225, 8000]","[140159.0, 8066.0]","[140225, 8000]","[140225, 8000]","[140225, 8000]","[140225, 8000]","[147443,13]"
Case11_14.nii,"[140225, 8000]","[143073.0, 5152.0]","[140225, 8000]","[140225, 8000]","[140225, 8000]","[140225, 8000]","[142785,4671]"
Case11_15.nii,"[140225, 8000]","[144629.0, 3596.0]","[140225, 8000]","[140225, 8000]","[140225, 8000]","[140225, 8000]","[141376,6080]"
Case11_16.nii,"[140225, 8000]","[146693.0, 1532.0]","[140225, 8000]","[140225, 8000]","[140225, 8000]","[140225, 8000]","[140359,7097]"
Case11_17.nii,"[148225, 0]","[148225.0, 0.0]","[140225, 8000]","[0, 0]","[0, 0]","[140225, 8000]","[146833,623]"
Case11_18.nii,"[148225, 0]","[148225.0, 0.0]","[140225, 8000]","[0, 0]","[0, 0]","[140225, 8000]","[147014,442]"
Case11_19.nii,"[148225, 0]","[148225.0, 0.0]","[140225, 8000]","[148225, 0]","[148225, 0]","[140225, 8000]","[139558,7898]"
Case11_2.nii,"[148225, 0]","[148225.0, 0.0]","[140225, 8000]","[0, 0]","[0, 0]","[140225, 8000]","[146569,887]"
Case11_3.nii,"[140225, 8000]","[147037.0, 1188.0]","[140225, 8000]","[148225, 0]","[148225, 0]","[140225, 8000]","[145277,2179]"
Case11_4.nii,"[140225, 8000]","[146409.0, 1816.0]","[140225, 8000]","[0, 0]","[0, 0]","[140225, 8000]","[142084,5372]"
Case11_5.nii,"[140225, 8000]","[145233.0, 2992.0]","[140225, 8000]","[0, 0]","[0, 0]","[140225, 8000]","[140615,6841]"
Case11_6.nii,"[140225, 8000]","[144417.0, 3808.0]","[140225, 8000]","[0, 0]","[0, 0]","[140225, 8000]","[142161,5295]"
Case11_7.nii,"[140225, 8000]","[143132.0, 5093.0]","[140225, 8000]","[140225, 8000]","[140225, 8000]","[140225, 8000]","[147443,13]"
Case11_8.nii,"[140225, 8000]","[142459.0, 5766.0]","[140225, 8000]","[140225, 8000]","[140225, 8000]","[140225, 8000]","[147425,31]"
Case11_9.nii,"[140225, 8000]","[141386.0, 6839.0]","[140225, 8000]","[140225, 8000]","[140225, 8000]","[140225, 8000]","[145831,1625]"
Case12_0.nii,"[148225, 0]","[148225.0, 0.0]","[140225, 8000]","[140225, 8000]","[140225, 8000]","[140225, 8000]","[147443,13]"
Case12_1.nii,"[140225, 8000]","[146805.0, 1420.0]","[140225, 8000]","[140225, 8000]","[140225, 8000]","[140225, 8000]","[140716,6740]"
Case12_10.nii,"[140225, 8000]","[137336.0, 10889.0]","[140225, 8000]","[140225, 8000]","[140225, 8000]","[140225, 8000]","[143239,4217]"
Case12_11.nii,"[140225, 8000]","[136984.0, 11241.0]","[140225, 8000]","[140225, 8000]","[140225, 8000]","[140225, 8000]","[145367,2089]"
Case12_12.nii,"[140225, 8000]","[140722.0, 7503.0]","[140225, 8000]","[140225, 8000]","[140225, 8000]","[140225, 8000]","[147456,0]"
Case12_13.nii,"[140225, 8000]","[142767.0, 5458.0]","[140225, 8000]","[140225, 8000]","[140225, 8000]","[140225, 8000]","[145303,2153]"
Case12_14.nii,"[140225, 8000]","[144997.0, 3228.0]","[140225, 8000]","[0, 0]","[0, 0]","[140225, 8000]","[147347,109]"
Case12_2.nii,"[140225, 8000]","[145909.0, 2316.0]","[140225, 8000]","[140225, 8000]","[140225, 8000]","[140225, 8000]","[146419,1037]"
Case12_3.nii,"[140225, 8000]","[143552.0, 4673.0]","[140225, 8000]","[0, 0]","[0, 0]","[140225, 8000]","[138327,9129]"
Case12_4.nii,"[140225, 8000]","[140377.0, 7848.0]","[140225, 8000]","[140225, 8000]","[140225, 8000]","[140225, 8000]","[144499,2957]"
Case12_5.nii,"[140225, 8000]","[138671.0, 9554.0]","[140225, 8000]","[140225, 8000]","[140225, 8000]","[140225, 8000]","[146716,740]"
Case12_6.nii,"[140225, 8000]","[137384.0, 10841.0]","[140225, 8000]","[140225, 8000]","[140225, 8000]","[140225, 8000]","[140957,6499]"
Case12_7.nii,"[140225, 8000]","[136405.0, 11820.0]","[140225, 8000]","[140225, 8000]","[140225, 8000]","[140225, 8000]","[145632,1824]"
Case12_8.nii,"[140225, 8000]","[135452.0, 12773.0]","[140225, 8000]","[140225, 8000]","[140225, 8000]","[140225, 8000]","[147456,0]"
Case12_9.nii,"[140225, 8000]","[135981.0, 12244.0]","[140225, 8000]","[140225, 8000]","[140225, 8000]","[140225, 8000]","[146032,1424]"
Case13_0.nii,"[148225, 0]","[148225.0, 0.0]","[140225, 8000]","[148225, 0]","[148225, 0]","[140225, 8000]","[139586,7870]"
Case13_1.nii,"[148225, 0]","[148225.0, 0.0]","[140225, 8000]","[0, 0]","[0, 0]","[140225, 8000]","[130424,17032]"
Case13_10.nii,"[140225, 8000]","[143463.0, 4762.0]","[140225, 8000]","[140225, 8000]","[140225, 8000]","[140225, 8000]","[145181,2275]"
Case13_11.nii,"[140225, 8000]","[142957.0, 5268.0]","[140225, 8000]","[140225, 8000]","[140225, 8000]","[140225, 8000]","[147453,3]"
Case13_12.nii,"[140225, 8000]","[144496.0, 3729.0]","[140225, 8000]","[140225, 8000]","[140225, 8000]","[140225, 8000]","[141132,6324]"
Case13_13.nii,"[140225, 8000]","[144428.0, 3797.0]","[140225, 8000]","[140225, 8000]","[140225, 8000]","[140225, 8000]","[146682,774]"
Case13_14.nii,"[140225, 8000]","[146525.0, 1700.0]","[140225, 8000]","[0, 0]","[0, 0]","[140225, 8000]","[145899,1557]"
Case13_15.nii,"[148225, 0]","[148225.0, 0.0]","[140225, 8000]","[0, 0]","[0, 0]","[140225, 8000]","[146672,784]"
Case13_16.nii,"[148225, 0]","[148225.0, 0.0]","[140225, 8000]","[0, 0]","[0, 0]","[140225, 8000]","[139572,7884]"
Case13_17.nii,"[148225, 0]","[148225.0, 0.0]","[140225, 8000]","[0, 0]","[0, 0]","[140225, 8000]","[139791,7665]"
Case13_18.nii,"[148225, 0]","[148225.0, 0.0]","[140225, 8000]","[0, 0]","[0, 0]","[140225, 8000]","[143785,3671]"
Case13_19.nii,"[148225, 0]","[148225.0, 0.0]","[140225, 8000]","[148225, 0]","[148225, 0]","[140225, 8000]","[141460,5996]"
Case13_2.nii,"[148225, 0]","[148225.0, 0.0]","[140225, 8000]","[148225, 0]","[148225, 0]","[140225, 8000]","[142543,4913]"
Case13_3.nii,"[148225, 0]","[148225.0, 0.0]","[140225, 8000]","[148225, 0]","[148225, 0]","[140225, 8000]","[146410,1046]"
Case13_4.nii,"[148225, 0]","[148225.0, 0.0]","[140225, 8000]","[0, 0]","[0, 0]","[140225, 8000]","[144942,2514]"
Case13_5.nii,"[140225, 8000]","[147123.0, 1102.0]","[140225, 8000]","[148225, 0]","[148225, 0]","[140225, 8000]","[147121,335]"
Case13_6.nii,"[140225, 8000]","[146762.0, 1463.0]","[140225, 8000]","[148225, 0]","[148225, 0]","[140225, 8000]","[146230,1226]"
Case13_7.nii,"[140225, 8000]","[146231.0, 1994.0]","[140225, 8000]","[0, 0]","[0, 0]","[140225, 8000]","[141913,5543]"
Case13_8.nii,"[140225, 8000]","[145448.0, 2777.0]","[140225, 8000]","[0, 0]","[0, 0]","[140225, 8000]","[144730,2726]"
Case13_9.nii,"[140225, 8000]","[144593.0, 3632.0]","[140225, 8000]","[140225, 8000]","[140225, 8000]","[140225, 8000]","[147437,19]"
Case14_0.nii,"[148225, 0]","[148225.0, 0.0]","[140225, 8000]","[140225, 8000]","[140225, 8000]","[140225, 8000]","[140385,7071]"
Case14_1.nii,"[148225, 0]","[148225.0, 0.0]","[140225, 8000]","[140225, 8000]","[140225, 8000]","[140225, 8000]","[145503,1953]"
Case14_10.nii,"[140225, 8000]","[142279.0, 5946.0]","[140225, 8000]","[140225, 8000]","[140225, 8000]","[140225, 8000]","[141600,5856]"
Case14_11.nii,"[140225, 8000]","[142080.0, 6145.0]","[140225, 8000]","[140225, 8000]","[140225, 8000]","[140225, 8000]","[146707,749]"
Case14_12.nii,"[140225, 8000]","[142275.0, 5950.0]","[140225, 8000]","[140225, 8000]","[140225, 8000]","[140225, 8000]","[139208,8248]"
Case14_13.nii,"[140225, 8000]","[142716.0, 5509.0]","[140225, 8000]","[140225, 8000]","[140225, 8000]","[140225, 8000]","[142205,5251]"
Case14_14.nii,"[140225, 8000]","[143491.0, 4734.0]","[140225, 8000]","[140225, 8000]","[140225, 8000]","[140225, 8000]","[147456,0]"
Case14_15.nii,"[140225, 8000]","[144726.0, 3499.0]","[140225, 8000]","[0, 0]","[0, 0]","[140225, 8000]","[143472,3984]"
Case14_16.nii,"[148225, 0]","[148225.0, 0.0]","[140225, 8000]","[140225, 8000]","[140225, 8000]","[140225, 8000]","[146840,616]"
Case14_17.nii,"[148225, 0]","[148225.0, 0.0]","[140225, 8000]","[148225, 0]","[148225, 0]","[140225, 8000]","[145554,1902]"
Case14_18.nii,"[148225, 0]","[148225.0, 0.0]","[140225, 8000]","[0, 0]","[0, 0]","[140225, 8000]","[131047,16409]"
Case14_19.nii,"[148225, 0]","[148225.0, 0.0]","[140225, 8000]","[0, 0]","[0, 0]","[140225, 8000]","[146890,566]"
Case14_2.nii,"[148225, 0]","[148225.0, 0.0]","[140225, 8000]","[140225, 8000]","[140225, 8000]","[140225, 8000]","[142051,5405]"
Case14_3.nii,"[148225, 0]","[148225.0, 0.0]","[140225, 8000]","[0, 0]","[0, 0]","[140225, 8000]","[142741,4715]"
Case14_4.nii,"[140225, 8000]","[146687.0, 1538.0]","[140225, 8000]","[0, 0]","[0, 0]","[140225, 8000]","[139956,7500]"
Case14_5.nii,"[140225, 8000]","[146541.0, 1684.0]","[140225, 8000]","[140225, 8000]","[140225, 8000]","[140225, 8000]","[145911,1545]"
Case14_6.nii,"[140225, 8000]","[146139.0, 2086.0]","[140225, 8000]","[0, 0]","[0, 0]","[140225, 8000]","[144031,3425]"
Case14_7.nii,"[140225, 8000]","[144891.0, 3334.0]","[140225, 8000]","[0, 0]","[0, 0]","[140225, 8000]","[144992,2464]"
Case14_8.nii,"[140225, 8000]","[143691.0, 4534.0]","[140225, 8000]","[140225, 8000]","[140225, 8000]","[140225, 8000]","[144969,2487]"
Case14_9.nii,"[140225, 8000]","[142958.0, 5267.0]","[140225, 8000]","[140225, 8000]","[140225, 8000]","[140225, 8000]","[143721,3735]"
Case15_0.nii,"[148225, 0]","[148225.0, 0.0]","[140225, 8000]","[0, 0]","[0, 0]","[140225, 8000]","[147442,14]"
Case15_1.nii,"[148225, 0]","[148225.0, 0.0]","[140225, 8000]","[140225, 8000]","[140225, 8000]","[140225, 8000]","[144315,3141]"
Case15_10.nii,"[140225, 8000]","[140264.0, 7961.0]","[140225, 8000]","[140225, 8000]","[140225, 8000]","[140225, 8000]","[140137,7319]"
Case15_11.nii,"[140225, 8000]","[140247.0, 7978.0]","[140225, 8000]","[140225, 8000]","[140225, 8000]","[140225, 8000]","[147456,0]"
Case15_12.nii,"[140225, 8000]","[140569.0, 7656.0]","[140225, 8000]","[140225, 8000]","[140225, 8000]","[140225, 8000]","[145723,1733]"
Case15_13.nii,"[140225, 8000]","[142834.0, 5391.0]","[140225, 8000]","[140225, 8000]","[140225, 8000]","[140225, 8000]","[147286,170]"
Case15_14.nii,"[140225, 8000]","[144597.0, 3628.0]","[140225, 8000]","[0, 0]","[0, 0]","[140225, 8000]","[144945,2511]"
Case15_15.nii,"[140225, 8000]","[147813.0, 412.0]","[140225, 8000]","[0, 0]","[0, 0]","[140225, 8000]","[143764,3692]"
Case15_16.nii,"[148225, 0]","[148225.0, 0.0]","[140225, 8000]","[148225, 0]","[148225, 0]","[140225, 8000]","[146886,570]"
Case15_17.nii,"[148225, 0]","[148225.0, 0.0]","[140225, 8000]","[0, 0]","[0, 0]","[140225, 8000]","[143709,3747]"
Case15_18.nii,"[148225, 0]","[148225.0, 0.0]","[140225, 8000]","[148225, 0]","[148225, 0]","[140225, 8000]","[143419,4037]"
Case15_19.nii,"[148225, 0]","[148225.0, 0.0]","[140225, 8000]","[148225, 0]","[148225, 0]","[140225, 8000]","[147167,289]"
Case15_2.nii,"[148225, 0]","[148225.0, 0.0]","[140225, 8000]","[0, 0]","[0, 0]","[140225, 8000]","[142676,4780]"
Case15_3.nii,"[140225, 8000]","[147338.0, 887.0]","[140225, 8000]","[140225, 8000]","[140225, 8000]","[140225, 8000]","[146398,1058]"
Case15_4.nii,"[140225, 8000]","[146703.0, 1522.0]","[140225, 8000]","[0, 0]","[0, 0]","[140225, 8000]","[145015,2441]"
Case15_5.nii,"[140225, 8000]","[145497.0, 2728.0]","[140225, 8000]","[0, 0]","[0, 0]","[140225, 8000]","[141082,6374]"
Case15_6.nii,"[140225, 8000]","[144050.0, 4175.0]","[140225, 8000]","[140225, 8000]","[140225, 8000]","[140225, 8000]","[142793,4663]"
Case15_7.nii,"[140225, 8000]","[143167.0, 5058.0]","[140225, 8000]","[140225, 8000]","[140225, 8000]","[140225, 8000]","[137620,9836]"
Case15_8.nii,"[140225, 8000]","[142042.0, 6183.0]","[140225, 8000]","[140225, 8000]","[140225, 8000]","[140225, 8000]","[141988,5468]"
Case15_9.nii,"[140225, 8000]","[141095.0, 7130.0]","[140225, 8000]","[140225, 8000]","[140225, 8000]","[140225, 8000]","[145313,2143]"
Case16_0.nii,"[140225, 8000]","[141606.0, 6619.0]","[140225, 8000]","[0, 0]","[0, 0]","[140225, 8000]","[130937,16519]"
Case16_1.nii,"[140225, 8000]","[138737.0, 9488.0]","[140225, 8000]","[0, 0]","[0, 0]","[140225, 8000]","[144779,2677]"
Case16_10.nii,"[140225, 8000]","[128120.0, 20105.0]","[140225, 8000]","[140225, 8000]","[140225, 8000]","[140225, 8000]","[141041,6415]"
Case16_11.nii,"[140225, 8000]","[127035.0, 21190.0]","[140225, 8000]","[140225, 8000]","[140225, 8000]","[140225, 8000]","[144325,3131]"
Case16_12.nii,"[140225, 8000]","[126971.0, 21254.0]","[140225, 8000]","[140225, 8000]","[140225, 8000]","[140225, 8000]","[147455,1]"
Case16_13.nii,"[140225, 8000]","[129396.0, 18829.0]","[140225, 8000]","[140225, 8000]","[140225, 8000]","[140225, 8000]","[141584,5872]"
Case16_14.nii,"[140225, 8000]","[129711.0, 18514.0]","[140225, 8000]","[140225, 8000]","[140225, 8000]","[140225, 8000]","[145272,2184]"
Case16_15.nii,"[140225, 8000]","[130404.0, 17821.0]","[140225, 8000]","[140225, 8000]","[140225, 8000]","[140225, 8000]","[144541,2915]"
Case16_16.nii,"[140225, 8000]","[130862.0, 17363.0]","[140225, 8000]","[140225, 8000]","[140225, 8000]","[140225, 8000]","[144491,2965]"
Case16_17.nii,"[140225, 8000]","[132060.0, 16165.0]","[140225, 8000]","[140225, 8000]","[140225, 8000]","[140225, 8000]","[147456,0]"
Case16_18.nii,"[140225, 8000]","[135385.0, 12840.0]","[140225, 8000]","[140225, 8000]","[140225, 8000]","[140225, 8000]","[143443,4013]"
Case16_19.nii,"[140225, 8000]","[139298.0, 8927.0]","[140225, 8000]","[140225, 8000]","[140225, 8000]","[140225, 8000]","[147456,0]"
Case16_2.nii,"[140225, 8000]","[135793.0, 12432.0]","[140225, 8000]","[140225, 8000]","[140225, 8000]","[140225, 8000]","[145240,2216]"
Case16_3.nii,"[140225, 8000]","[135327.0, 12898.0]","[140225, 8000]","[140225, 8000]","[140225, 8000]","[140225, 8000]","[143934,3522]"
Case16_4.nii,"[140225, 8000]","[133541.0, 14684.0]","[140225, 8000]","[140225, 8000]","[140225, 8000]","[140225, 8000]","[147456,0]"
Case16_5.nii,"[140225, 8000]","[132209.0, 16016.0]","[140225, 8000]","[140225, 8000]","[140225, 8000]","[140225, 8000]","[139867,7589]"
Case16_6.nii,"[140225, 8000]","[130679.0, 17546.0]","[140225, 8000]","[140225, 8000]","[140225, 8000]","[140225, 8000]","[139762,7694]"
Case16_7.nii,"[140225, 8000]","[129703.0, 18522.0]","[140225, 8000]","[140225, 8000]","[140225, 8000]","[140225, 8000]","[139968,7488]"
Case16_8.nii,"[140225, 8000]","[128784.0, 19441.0]","[140225, 8000]","[140225, 8000]","[140225, 8000]","[140225, 8000]","[147157,299]"
Case16_9.nii,"[140225, 8000]","[128423.0, 19802.0]","[140225, 8000]","[140225, 8000]","[140225, 8000]","[140225, 8000]","[141989,5467]"
Case17_0.nii,"[148225, 0]","[148225.0, 0.0]","[140225, 8000]","[0, 0]","[0, 0]","[140225, 8000]","[138456,9000]"
Case17_1.nii,"[148225, 0]","[148225.0, 0.0]","[140225, 8000]","[0, 0]","[0, 0]","[140225, 8000]","[146213,1243]"
Case17_10.nii,"[140225, 8000]","[142984.0, 5241.0]","[140225, 8000]","[140225, 8000]","[140225, 8000]","[140225, 8000]","[145896,1560]"
Case17_11.nii,"[140225, 8000]","[143106.0, 5119.0]","[140225, 8000]","[140225, 8000]","[140225, 8000]","[140225, 8000]","[146677,779]"
Case17_12.nii,"[140225, 8000]","[143545.0, 4680.0]","[140225, 8000]","[140225, 8000]","[140225, 8000]","[140225, 8000]","[147456,0]"
Case17_13.nii,"[140225, 8000]","[144014.0, 4211.0]","[140225, 8000]","[0, 0]","[0, 0]","[140225, 8000]","[144963,2493]"
Case17_14.nii,"[140225, 8000]","[145408.0, 2817.0]","[140225, 8000]","[0, 0]","[0, 0]","[140225, 8000]","[146402,1054]"
Case17_15.nii,"[148225, 0]","[148225.0, 0.0]","[140225, 8000]","[0, 0]","[0, 0]","[140225, 8000]","[138100,9356]"
Case17_16.nii,"[148225, 0]","[148225.0, 0.0]","[140225, 8000]","[0, 0]","[0, 0]","[140225, 8000]","[145411,2045]"
Case17_17.nii,"[148225, 0]","[148225.0, 0.0]","[140225, 8000]","[0, 0]","[0, 0]","[140225, 8000]","[139906,7550]"
Case17_18.nii,"[148225, 0]","[148225.0, 0.0]","[140225, 8000]","[0, 0]","[0, 0]","[140225, 8000]","[147066,390]"
Case17_19.nii,"[148225, 0]","[148225.0, 0.0]","[140225, 8000]","[148225, 0]","[148225, 0]","[140225, 8000]","[142691,4765]"
Case17_2.nii,"[148225, 0]","[148225.0, 0.0]","[140225, 8000]","[0, 0]","[0, 0]","[140225, 8000]","[145239,2217]"
Case17_3.nii,"[148225, 0]","[148225.0, 0.0]","[140225, 8000]","[148225, 0]","[148225, 0]","[140225, 8000]","[147456,0]"
Case17_4.nii,"[148225, 0]","[148225.0, 0.0]","[140225, 8000]","[0, 0]","[0, 0]","[140225, 8000]","[147036,420]"
Case17_5.nii,"[140225, 8000]","[147202.0, 1023.0]","[140225, 8000]","[148225, 0]","[148225, 0]","[140225, 8000]","[146005,1451]"
Case17_6.nii,"[140225, 8000]","[146471.0, 1754.0]","[140225, 8000]","[0, 0]","[0, 0]","[140225, 8000]","[145142,2314]"
Case17_7.nii,"[140225, 8000]","[145260.0, 2965.0]","[140225, 8000]","[0, 0]","[0, 0]","[140225, 8000]","[145180,2276]"
Case17_8.nii,"[140225, 8000]","[144245.0, 3980.0]","[140225, 8000]","[0, 0]","[0, 0]","[140225, 8000]","[141802,5654]"
Case17_9.nii,"[140225, 8000]","[143621.0, 4604.0]","[140225, 8000]","[140225, 8000]","[140225, 8000]","[140225, 8000]","[147456,0]"
Case18_0.nii,"[148225, 0]","[148225.0, 0.0]","[140225, 8000]","[0, 0]","[0, 0]","[140225, 8000]","[145480,1976]"
Case18_1.nii,"[140225, 8000]","[145759.0, 2466.0]","[140225, 8000]","[0, 0]","[0, 0]","[140225, 8000]","[138426,9030]"
Case18_10.nii,"[140225, 8000]","[139249.0, 8976.0]","[140225, 8000]","[140225, 8000]","[140225, 8000]","[140225, 8000]","[147448,8]"
Case18_11.nii,"[140225, 8000]","[139771.0, 8454.0]","[140225, 8000]","[140225, 8000]","[140225, 8000]","[140225, 8000]","[147456,0]"
Case18_12.nii,"[140225, 8000]","[140754.0, 7471.0]","[140225, 8000]","[140225, 8000]","[140225, 8000]","[140225, 8000]","[146698,758]"
Case18_13.nii,"[140225, 8000]","[141539.0, 6686.0]","[140225, 8000]","[140225, 8000]","[140225, 8000]","[140225, 8000]","[144367,3089]"
Case18_14.nii,"[140225, 8000]","[142813.0, 5412.0]","[140225, 8000]","[140225, 8000]","[140225, 8000]","[140225, 8000]","[143225,4231]"
Case18_15.nii,"[140225, 8000]","[143693.0, 4532.0]","[140225, 8000]","[140225, 8000]","[140225, 8000]","[140225, 8000]","[139701,7755]"
Case18_16.nii,"[140225, 8000]","[144723.0, 3502.0]","[140225, 8000]","[0, 0]","[0, 0]","[140225, 8000]","[143460,3996]"
Case18_17.nii,"[140225, 8000]","[146785.0, 1440.0]","[140225, 8000]","[0, 0]","[0, 0]","[140225, 8000]","[142246,5210]"
Case18_2.nii,"[140225, 8000]","[144515.0, 3710.0]","[140225, 8000]","[0, 0]","[0, 0]","[140225, 8000]","[142169,5287]"
Case18_3.nii,"[140225, 8000]","[143128.0, 5097.0]","[140225, 8000]","[140225, 8000]","[140225, 8000]","[140225, 8000]","[147456,0]"
Case18_4.nii,"[140225, 8000]","[141943.0, 6282.0]","[140225, 8000]","[140225, 8000]","[140225, 8000]","[140225, 8000]","[147456,0]"
Case18_5.nii,"[140225, 8000]","[141571.0, 6654.0]","[140225, 8000]","[140225, 8000]","[140225, 8000]","[140225, 8000]","[142687,4769]"
Case18_6.nii,"[140225, 8000]","[140166.0, 8059.0]","[140225, 8000]","[140225, 8000]","[140225, 8000]","[140225, 8000]","[147329,127]"
Case18_7.nii,"[140225, 8000]","[139305.0, 8920.0]","[140225, 8000]","[140225, 8000]","[140225, 8000]","[140225, 8000]","[146489,967]"
Case18_8.nii,"[140225, 8000]","[139184.0, 9041.0]","[140225, 8000]","[140225, 8000]","[140225, 8000]","[140225, 8000]","[139632,7824]"
Case18_9.nii,"[140225, 8000]","[138926.0, 9299.0]","[140225, 8000]","[140225, 8000]","[140225, 8000]","[140225, 8000]","[147340,116]"
Case19_0.nii,"[148225, 0]","[148225.0, 0.0]","[140225, 8000]","[140225, 8000]","[140225, 8000]","[140225, 8000]","[147385,71]"
Case19_1.nii,"[148225, 0]","[148225.0, 0.0]","[140225, 8000]","[140225, 8000]","[140225, 8000]","[140225, 8000]","[144684,2772]"
Case19_10.nii,"[140225, 8000]","[144827.0, 3398.0]","[140225, 8000]","[140225, 8000]","[140225, 8000]","[140225, 8000]","[143157,4299]"
Case19_11.nii,"[140225, 8000]","[144798.0, 3427.0]","[140225, 8000]","[140225, 8000]","[140225, 8000]","[140225, 8000]","[143871,3585]"
Case19_12.nii,"[140225, 8000]","[145542.0, 2683.0]","[140225, 8000]","[140225, 8000]","[140225, 8000]","[140225, 8000]","[138045,9411]"
Case19_13.nii,"[140225, 8000]","[147504.0, 721.0]","[140225, 8000]","[0, 0]","[0, 0]","[140225, 8000]","[147456,0]"
Case19_14.nii,"[148225, 0]","[148225.0, 0.0]","[140225, 8000]","[0, 0]","[0, 0]","[140225, 8000]","[140877,6579]"
Case19_15.nii,"[148225, 0]","[148225.0, 0.0]","[140225, 8000]","[0, 0]","[0, 0]","[140225, 8000]","[143251,4205]"
Case19_16.nii,"[148225, 0]","[148225.0, 0.0]","[140225, 8000]","[0, 0]","[0, 0]","[140225, 8000]","[147456,0]"
Case19_17.nii,"[148225, 0]","[148225.0, 0.0]","[140225, 8000]","[148225, 0]","[148225, 0]","[140225, 8000]","[145551,1905]"
Case19_18.nii,"[148225, 0]","[148225.0, 0.0]","[140225, 8000]","[148225, 0]","[148225, 0]","[140225, 8000]","[140568,6888]"
Case19_19.nii,"[148225, 0]","[148225.0, 0.0]","[140225, 8000]","[148225, 0]","[148225, 0]","[140225, 8000]","[144815,2641]"
Case19_2.nii,"[148225, 0]","[148225.0, 0.0]","[140225, 8000]","[140225, 8000]","[140225, 8000]","[140225, 8000]","[146933,523]"
Case19_3.nii,"[148225, 0]","[148225.0, 0.0]","[140225, 8000]","[140225, 8000]","[140225, 8000]","[140225, 8000]","[147456,0]"
Case19_4.nii,"[140225, 8000]","[147577.0, 648.0]","[140225, 8000]","[140225, 8000]","[140225, 8000]","[140225, 8000]","[141661,5795]"
Case19_5.nii,"[140225, 8000]","[147104.0, 1121.0]","[140225, 8000]","[140225, 8000]","[140225, 8000]","[140225, 8000]","[141263,6193]"
Case19_6.nii,"[140225, 8000]","[146232.0, 1993.0]","[140225, 8000]","[140225, 8000]","[140225, 8000]","[140225, 8000]","[137289,10167]"
Case19_7.nii,"[140225, 8000]","[145012.0, 3213.0]","[140225, 8000]","[140225, 8000]","[140225, 8000]","[140225, 8000]","[140200,7256]"
Case19_8.nii,"[140225, 8000]","[144493.0, 3732.0]","[140225, 8000]","[140225, 8000]","[140225, 8000]","[140225, 8000]","[141010,6446]"
Case19_9.nii,"[140225, 8000]","[144639.0, 3586.0]","[140225, 8000]","[140225, 8000]","[140225, 8000]","[140225, 8000]","[143585,3871]"
Case20_0.nii,"[148225, 0]","[148225.0, 0.0]","[140225, 8000]","[148225, 0]","[148225, 0]","[140225, 8000]","[146926,530]"
Case20_1.nii,"[148225, 0]","[148225.0, 0.0]","[140225, 8000]","[148225, 0]","[148225, 0]","[140225, 8000]","[139265,8191]"
Case20_10.nii,"[140225, 8000]","[138477.0, 9748.0]","[140225, 8000]","[140225, 8000]","[140225, 8000]","[140225, 8000]","[146563,893]"
Case20_11.nii,"[140225, 8000]","[138637.0, 9588.0]","[140225, 8000]","[140225, 8000]","[140225, 8000]","[140225, 8000]","[147454,2]"
Case20_12.nii,"[140225, 8000]","[139566.0, 8659.0]","[140225, 8000]","[140225, 8000]","[140225, 8000]","[140225, 8000]","[139404,8052]"
Case20_13.nii,"[140225, 8000]","[141129.0, 7096.0]","[140225, 8000]","[140225, 8000]","[140225, 8000]","[140225, 8000]","[144848,2608]"
Case20_14.nii,"[140225, 8000]","[142369.0, 5856.0]","[140225, 8000]","[140225, 8000]","[140225, 8000]","[140225, 8000]","[146615,841]"
Case20_15.nii,"[140225, 8000]","[144469.0, 3756.0]","[140225, 8000]","[140225, 8000]","[140225, 8000]","[140225, 8000]","[142496,4960]"
Case20_16.nii,"[140225, 8000]","[146094.0, 2131.0]","[140225, 8000]","[0, 0]","[0, 0]","[140225, 8000]","[144643,2813]"
Case20_17.nii,"[140225, 8000]","[146483.0, 1742.0]","[140225, 8000]","[0, 0]","[0, 0]","[140225, 8000]","[147279,177]"
Case20_18.nii,"[148225, 0]","[148225.0, 0.0]","[140225, 8000]","[148225, 0]","[148225, 0]","[140225, 8000]","[143680,3776]"
Case20_19.nii,"[148225, 0]","[148225.0, 0.0]","[140225, 8000]","[148225, 0]","[148225, 0]","[140225, 8000]","[144421,3035]"
Case20_2.nii,"[140225, 8000]","[146468.0, 1757.0]","[140225, 8000]","[148225, 0]","[148225, 0]","[140225, 8000]","[145741,1715]"
Case20_3.nii,"[140225, 8000]","[144805.0, 3420.0]","[140225, 8000]","[148225, 0]","[148225, 0]","[140225, 8000]","[137410,10046]"
Case20_4.nii,"[140225, 8000]","[143895.0, 4330.0]","[140225, 8000]","[140225, 8000]","[140225, 8000]","[140225, 8000]","[141051,6405]"
Case20_5.nii,"[140225, 8000]","[142410.0, 5815.0]","[140225, 8000]","[140225, 8000]","[140225, 8000]","[140225, 8000]","[147456,0]"
Case20_6.nii,"[140225, 8000]","[141351.0, 6874.0]","[140225, 8000]","[140225, 8000]","[140225, 8000]","[140225, 8000]","[142949,4507]"
Case20_7.nii,"[140225, 8000]","[140239.0, 7986.0]","[140225, 8000]","[140225, 8000]","[140225, 8000]","[140225, 8000]","[140108,7348]"
Case20_8.nii,"[140225, 8000]","[139799.0, 8426.0]","[140225, 8000]","[140225, 8000]","[140225, 8000]","[140225, 8000]","[143455,4001]"
Case20_9.nii,"[140225, 8000]","[139009.0, 9216.0]","[140225, 8000]","[140225, 8000]","[140225, 8000]","[140225, 8000]","[138161,9295]"
Case21_0.nii,"[148225, 0]","[148225.0, 0.0]","[140225, 8000]","[0, 0]","[0, 0]","[140225, 8000]","[140878,6578]"
Case21_1.nii,"[148225, 0]","[148225.0, 0.0]","[140225, 8000]","[0, 0]","[0, 0]","[140225, 8000]","[142072,5384]"
Case21_10.nii,"[140225, 8000]","[141541.0, 6684.0]","[140225, 8000]","[140225, 8000]","[140225, 8000]","[140225, 8000]","[145173,2283]"
Case21_11.nii,"[140225, 8000]","[141751.0, 6474.0]","[140225, 8000]","[140225, 8000]","[140225, 8000]","[140225, 8000]","[138297,9159]"
Case21_12.nii,"[140225, 8000]","[143771.0, 4454.0]","[140225, 8000]","[140225, 8000]","[140225, 8000]","[140225, 8000]","[144585,2871]"
Case21_13.nii,"[140225, 8000]","[144807.0, 3418.0]","[140225, 8000]","[140225, 8000]","[140225, 8000]","[140225, 8000]","[143406,4050]"
Case21_14.nii,"[140225, 8000]","[145714.0, 2511.0]","[140225, 8000]","[140225, 8000]","[140225, 8000]","[140225, 8000]","[139462,7994]"
Case21_15.nii,"[140225, 8000]","[147213.0, 1012.0]","[140225, 8000]","[0, 0]","[0, 0]","[140225, 8000]","[144282,3174]"
Case21_16.nii,"[140225, 8000]","[147852.0, 373.0]","[140225, 8000]","[148225, 0]","[148225, 0]","[140225, 8000]","[142793,4663]"
Case21_17.nii,"[148225, 0]","[148225.0, 0.0]","[140225, 8000]","[0, 0]","[0, 0]","[140225, 8000]","[145616,1840]"
Case21_18.nii,"[148225, 0]","[148225.0, 0.0]","[140225, 8000]","[148225, 0]","[148225, 0]","[140225, 8000]","[142341,5115]"
Case21_19.nii,"[148225, 0]","[148225.0, 0.0]","[140225, 8000]","[148225, 0]","[148225, 0]","[140225, 8000]","[141275,6181]"
Case21_2.nii,"[148225, 0]","[148225.0, 0.0]","[140225, 8000]","[0, 0]","[0, 0]","[140225, 8000]","[142702,4754]"
Case21_3.nii,"[148225, 0]","[148225.0, 0.0]","[140225, 8000]","[0, 0]","[0, 0]","[140225, 8000]","[145674,1782]"
Case21_4.nii,"[140225, 8000]","[146801.0, 1424.0]","[140225, 8000]","[0, 0]","[0, 0]","[140225, 8000]","[143531,3925]"
Case21_5.nii,"[140225, 8000]","[144883.0, 3342.0]","[140225, 8000]","[0, 0]","[0, 0]","[140225, 8000]","[144981,2475]"
Case21_6.nii,"[140225, 8000]","[143482.0, 4743.0]","[140225, 8000]","[0, 0]","[0, 0]","[140225, 8000]","[146262,1194]"
Case21_7.nii,"[140225, 8000]","[143093.0, 5132.0]","[140225, 8000]","[140225, 8000]","[140225, 8000]","[140225, 8000]","[139008,8448]"
Case21_8.nii,"[140225, 8000]","[142173.0, 6052.0]","[140225, 8000]","[140225, 8000]","[140225, 8000]","[140225, 8000]","[140331,7125]"
Case21_9.nii,"[140225, 8000]","[141814.0, 6411.0]","[140225, 8000]","[140225, 8000]","[140225, 8000]","[140225, 8000]","[145092,2364]"
Case22_0.nii,"[148225, 0]","[148225.0, 0.0]","[140225, 8000]","[140225, 8000]","[140225, 8000]","[140225, 8000]","[140789,6667]"
Case22_1.nii,"[148225, 0]","[148225.0, 0.0]","[140225, 8000]","[140225, 8000]","[140225, 8000]","[140225, 8000]","[147299,157]"
Case22_10.nii,"[140225, 8000]","[140066.0, 8159.0]","[140225, 8000]","[140225, 8000]","[140225, 8000]","[140225, 8000]","[147456,0]"
Case22_11.nii,"[140225, 8000]","[140487.0, 7738.0]","[140225, 8000]","[140225, 8000]","[140225, 8000]","[140225, 8000]","[147456,0]"
Case22_12.nii,"[140225, 8000]","[141531.0, 6694.0]","[140225, 8000]","[140225, 8000]","[140225, 8000]","[140225, 8000]","[147450,6]"
Case22_13.nii,"[140225, 8000]","[142428.0, 5797.0]","[140225, 8000]","[140225, 8000]","[140225, 8000]","[140225, 8000]","[144585,2871]"
Case22_14.nii,"[140225, 8000]","[144157.0, 4068.0]","[140225, 8000]","[140225, 8000]","[140225, 8000]","[140225, 8000]","[147387,69]"
Case22_15.nii,"[140225, 8000]","[145949.0, 2276.0]","[140225, 8000]","[0, 0]","[0, 0]","[140225, 8000]","[137766,9690]"
Case22_16.nii,"[140225, 8000]","[146499.0, 1726.0]","[140225, 8000]","[0, 0]","[0, 0]","[140225, 8000]","[147398,58]"
Case22_17.nii,"[140225, 8000]","[147785.0, 440.0]","[140225, 8000]","[0, 0]","[0, 0]","[140225, 8000]","[141085,6371]"
Case22_18.nii,"[148225, 0]","[148225.0, 0.0]","[140225, 8000]","[148225, 0]","[148225, 0]","[140225, 8000]","[145129,2327]"
Case22_19.nii,"[148225, 0]","[148225.0, 0.0]","[140225, 8000]","[148225, 0]","[148225, 0]","[140225, 8000]","[140370,7086]"
Case22_2.nii,"[140225, 8000]","[146798.0, 1427.0]","[140225, 8000]","[140225, 8000]","[140225, 8000]","[140225, 8000]","[139090,8366]"
Case22_3.nii,"[140225, 8000]","[146514.0, 1711.0]","[140225, 8000]","[0, 0]","[0, 0]","[140225, 8000]","[144192,3264]"
Case22_4.nii,"[140225, 8000]","[145512.0, 2713.0]","[140225, 8000]","[0, 0]","[0, 0]","[140225, 8000]","[146803,653]"
Case22_5.nii,"[140225, 8000]","[144185.0, 4040.0]","[140225, 8000]","[0, 0]","[0, 0]","[140225, 8000]","[138796,8660]"
Case22_6.nii,"[140225, 8000]","[142764.0, 5461.0]","[140225, 8000]","[0, 0]","[0, 0]","[140225, 8000]","[145516,1940]"
Case22_7.nii,"[140225, 8000]","[141557.0, 6668.0]","[140225, 8000]","[140225, 8000]","[140225, 8000]","[140225, 8000]","[140110,7346]"
Case22_8.nii,"[140225, 8000]","[140378.0, 7847.0]","[140225, 8000]","[140225, 8000]","[140225, 8000]","[140225, 8000]","[144497,2959]"
Case22_9.nii,"[140225, 8000]","[139992.0, 8233.0]","[140225, 8000]","[140225, 8000]","[140225, 8000]","[140225, 8000]","[141857,5599]"
Case23_0.nii,"[148225, 0]","[148225.0, 0.0]","[140225, 8000]","[0, 0]","[0, 0]","[140225, 8000]","[146401,1055]"
Case23_1.nii,"[140225, 8000]","[147104.0, 1121.0]","[140225, 8000]","[0, 0]","[0, 0]","[140225, 8000]","[139883,7573]"
Case23_10.nii,"[140225, 8000]","[140251.0, 7974.0]","[140225, 8000]","[140225, 8000]","[140225, 8000]","[140225, 8000]","[147456,0]"
Case23_11.nii,"[140225, 8000]","[140431.0, 7794.0]","[140225, 8000]","[140225, 8000]","[140225, 8000]","[140225, 8000]","[140049,7407]"
Case23_12.nii,"[140225, 8000]","[140708.0, 7517.0]","[140225, 8000]","[140225, 8000]","[140225, 8000]","[140225, 8000]","[145825,1631]"
Case23_13.nii,"[140225, 8000]","[140546.0, 7679.0]","[140225, 8000]","[140225, 8000]","[140225, 8000]","[140225, 8000]","[140926,6530]"
Case23_14.nii,"[140225, 8000]","[141519.0, 6706.0]","[140225, 8000]","[140225, 8000]","[140225, 8000]","[140225, 8000]","[143055,4401]"
Case23_15.nii,"[140225, 8000]","[142721.0, 5504.0]","[140225, 8000]","[140225, 8000]","[140225, 8000]","[140225, 8000]","[140521,6935]"
Case23_16.nii,"[140225, 8000]","[143118.0, 5107.0]","[140225, 8000]","[140225, 8000]","[140225, 8000]","[140225, 8000]","[146916,540]"
Case23_17.nii,"[140225, 8000]","[143949.0, 4276.0]","[140225, 8000]","[0, 0]","[0, 0]","[140225, 8000]","[143559,3897]"
Case23_18.nii,"[140225, 8000]","[144157.0, 4068.0]","[140225, 8000]","[0, 0]","[0, 0]","[140225, 8000]","[144609,2847]"
Case23_19.nii,"[140225, 8000]","[145888.0, 2337.0]","[140225, 8000]","[0, 0]","[0, 0]","[140225, 8000]","[143072,4384]"
Case23_2.nii,"[140225, 8000]","[146105.0, 2120.0]","[140225, 8000]","[0, 0]","[0, 0]","[140225, 8000]","[147278,178]"
Case23_3.nii,"[140225, 8000]","[144130.0, 4095.0]","[140225, 8000]","[140225, 8000]","[140225, 8000]","[140225, 8000]","[145078,2378]"
Case23_4.nii,"[140225, 8000]","[142788.0, 5437.0]","[140225, 8000]","[0, 0]","[0, 0]","[140225, 8000]","[145631,1825]"
Case23_5.nii,"[140225, 8000]","[141996.0, 6229.0]","[140225, 8000]","[140225, 8000]","[140225, 8000]","[140225, 8000]","[138651,8805]"
Case23_6.nii,"[140225, 8000]","[141156.0, 7069.0]","[140225, 8000]","[140225, 8000]","[140225, 8000]","[140225, 8000]","[147140,316]"
Case23_7.nii,"[140225, 8000]","[140520.0, 7705.0]","[140225, 8000]","[140225, 8000]","[140225, 8000]","[140225, 8000]","[145725,1731]"
Case23_8.nii,"[140225, 8000]","[140195.0, 8030.0]","[140225, 8000]","[140225, 8000]","[140225, 8000]","[140225, 8000]","[145043,2413]"
Case23_9.nii,"[140225, 8000]","[140283.0, 7942.0]","[140225, 8000]","[140225, 8000]","[140225, 8000]","[140225, 8000]","[141586,5870]"
Case24_0.nii,"[148225, 0]","[148225.0, 0.0]","[140225, 8000]","[0, 0]","[0, 0]","[140225, 8000]","[145056,2400]"
Case24_1.nii,"[148225, 0]","[148225.0, 0.0]","[140225, 8000]","[0, 0]","[0, 0]","[140225, 8000]","[141105,6351]"
Case24_10.nii,"[140225, 8000]","[141231.0, 6994.0]","[140225, 8000]","[140225, 8000]","[140225, 8000]","[140225, 8000]","[145782,1674]"
Case24_11.nii,"[140225, 8000]","[141441.0, 6784.0]","[140225, 8000]","[140225, 8000]","[140225, 8000]","[140225, 8000]","[147121,335]"
Case24_12.nii,"[140225, 8000]","[142004.0, 6221.0]","[140225, 8000]","[140225, 8000]","[140225, 8000]","[140225, 8000]","[145195,2261]"
Case24_13.nii,"[140225, 8000]","[144190.0, 4035.0]","[140225, 8000]","[140225, 8000]","[140225, 8000]","[140225, 8000]","[140830,6626]"
Case24_14.nii,"[140225, 8000]","[144288.0, 3937.0]","[140225, 8000]","[140225, 8000]","[140225, 8000]","[140225, 8000]","[145519,1937]"
Case24_15.nii,"[140225, 8000]","[145158.0, 3067.0]","[140225, 8000]","[0, 0]","[0, 0]","[140225, 8000]","[138317,9139]"
Case24_16.nii,"[140225, 8000]","[145880.0, 2345.0]","[140225, 8000]","[0, 0]","[0, 0]","[140225, 8000]","[144994,2462]"
Case24_17.nii,"[140225, 8000]","[147101.0, 1124.0]","[140225, 8000]","[0, 0]","[0, 0]","[140225, 8000]","[147312,144]"
Case24_18.nii,"[148225, 0]","[148225.0, 0.0]","[140225, 8000]","[0, 0]","[0, 0]","[140225, 8000]","[141262,6194]"
Case24_2.nii,"[140225, 8000]","[146959.0, 1266.0]","[140225, 8000]","[0, 0]","[0, 0]","[140225, 8000]","[146894,562]"
Case24_3.nii,"[140225, 8000]","[145953.0, 2272.0]","[140225, 8000]","[0, 0]","[0, 0]","[140225, 8000]","[142064,5392]"
Case24_4.nii,"[140225, 8000]","[145703.0, 2522.0]","[140225, 8000]","[0, 0]","[0, 0]","[140225, 8000]","[144502,2954]"
Case24_5.nii,"[140225, 8000]","[144610.0, 3615.0]","[140225, 8000]","[140225, 8000]","[140225, 8000]","[140225, 8000]","[145344,2112]"
Case24_6.nii,"[140225, 8000]","[143618.0, 4607.0]","[140225, 8000]","[0, 0]","[0, 0]","[140225, 8000]","[147433,23]"
Case24_7.nii,"[140225, 8000]","[142514.0, 5711.0]","[140225, 8000]","[140225, 8000]","[140225, 8000]","[140225, 8000]","[145174,2282]"
Case24_8.nii,"[140225, 8000]","[142304.0, 5921.0]","[140225, 8000]","[140225, 8000]","[140225, 8000]","[140225, 8000]","[145319,2137]"
Case24_9.nii,"[140225, 8000]","[141422.0, 6803.0]","[140225, 8000]","[0, 0]","[0, 0]","[140225, 8000]","[140080,7376]"
Case25_0.nii,"[148225, 0]","[148225.0, 0.0]","[140225, 8000]","[0, 0]","[0, 0]","[140225, 8000]","[142311,5145]"
Case25_1.nii,"[140225, 8000]","[147723.0, 502.0]","[140225, 8000]","[0, 0]","[0, 0]","[140225, 8000]","[139950,7506]"
Case25_10.nii,"[140225, 8000]","[140640.0, 7585.0]","[140225, 8000]","[140225, 8000]","[140225, 8000]","[140225, 8000]","[141605,5851]"
Case25_11.nii,"[140225, 8000]","[140911.0, 7314.0]","[140225, 8000]","[140225, 8000]","[140225, 8000]","[140225, 8000]","[147456,0]"
Case25_12.nii,"[140225, 8000]","[141458.0, 6767.0]","[140225, 8000]","[140225, 8000]","[140225, 8000]","[140225, 8000]","[141071,6385]"
Case25_13.nii,"[140225, 8000]","[141866.0, 6359.0]","[140225, 8000]","[140225, 8000]","[140225, 8000]","[140225, 8000]","[147456,0]"
Case25_14.nii,"[140225, 8000]","[142278.0, 5947.0]","[140225, 8000]","[140225, 8000]","[140225, 8000]","[140225, 8000]","[147456,0]"
Case25_15.nii,"[140225, 8000]","[142131.0, 6094.0]","[140225, 8000]","[140225, 8000]","[140225, 8000]","[140225, 8000]","[140416,7040]"
Case25_16.nii,"[140225, 8000]","[142826.0, 5399.0]","[140225, 8000]","[140225, 8000]","[140225, 8000]","[140225, 8000]","[141977,5479]"
Case25_17.nii,"[140225, 8000]","[143487.0, 4738.0]","[140225, 8000]","[0, 0]","[0, 0]","[140225, 8000]","[147421,35]"
Case25_18.nii,"[148225, 0]","[148225.0, 0.0]","[140225, 8000]","[0, 0]","[0, 0]","[140225, 8000]","[140884,6572]"
Case25_19.nii,"[148225, 0]","[148225.0, 0.0]","[140225, 8000]","[0, 0]","[0, 0]","[140225, 8000]","[140726,6730]"
Case25_2.nii,"[140225, 8000]","[146722.0, 1503.0]","[140225, 8000]","[0, 0]","[0, 0]","[140225, 8000]","[140242,7214]"
Case25_3.nii,"[140225, 8000]","[145506.0, 2719.0]","[140225, 8000]","[148225, 0]","[148225, 0]","[140225, 8000]","[142311,5145]"
Case25_4.nii,"[140225, 8000]","[144214.0, 4011.0]","[140225, 8000]","[148225, 0]","[148225, 0]","[140225, 8000]","[146623,833]"
Case25_5.nii,"[140225, 8000]","[143118.0, 5107.0]","[140225, 8000]","[148225, 0]","[148225, 0]","[140225, 8000]","[147066,390]"
Case25_6.nii,"[140225, 8000]","[142077.0, 6148.0]","[140225, 8000]","[0, 0]","[0, 0]","[140225, 8000]","[147240,216]"
Case25_7.nii,"[140225, 8000]","[140277.0, 7948.0]","[140225, 8000]","[140225, 8000]","[140225, 8000]","[140225, 8000]","[143451,4005]"
Case25_8.nii,"[140225, 8000]","[139760.0, 8465.0]","[140225, 8000]","[140225, 8000]","[140225, 8000]","[140225, 8000]","[138501,8955]"
Case25_9.nii,"[140225, 8000]","[138849.0, 9376.0]","[140225, 8000]","[140225, 8000]","[140225, 8000]","[140225, 8000]","[138579,8877]"
Case26_0.nii,"[148225, 0]","[148225.0, 0.0]","[140225, 8000]","[0, 0]","[0, 0]","[140225, 8000]","[144350,3106]"
Case26_1.nii,"[148225, 0]","[148225.0, 0.0]","[140225, 8000]","[0, 0]","[0, 0]","[140225, 8000]","[146704,752]"
Case26_10.nii,"[140225, 8000]","[139476.0, 8749.0]","[140225, 8000]","[140225, 8000]","[140225, 8000]","[140225, 8000]","[145696,1760]"
Case26_11.nii,"[140225, 8000]","[139412.0, 8813.0]","[140225, 8000]","[140225, 8000]","[140225, 8000]","[140225, 8000]","[145389,2067]"
Case26_12.nii,"[140225, 8000]","[139819.0, 8406.0]","[140225, 8000]","[140225, 8000]","[140225, 8000]","[140225, 8000]","[147456,0]"
Case26_13.nii,"[140225, 8000]","[141639.0, 6586.0]","[140225, 8000]","[140225, 8000]","[140225, 8000]","[140225, 8000]","[147456,0]"
Case26_14.nii,"[140225, 8000]","[144290.0, 3935.0]","[140225, 8000]","[140225, 8000]","[140225, 8000]","[140225, 8000]","[142622,4834]"
Case26_15.nii,"[140225, 8000]","[145252.0, 2973.0]","[140225, 8000]","[0, 0]","[0, 0]","[140225, 8000]","[138589,8867]"
Case26_16.nii,"[140225, 8000]","[147659.0, 566.0]","[140225, 8000]","[140225, 8000]","[140225, 8000]","[140225, 8000]","[147456,0]"
Case26_17.nii,"[148225, 0]","[148225.0, 0.0]","[140225, 8000]","[0, 0]","[0, 0]","[140225, 8000]","[139763,7693]"
Case26_18.nii,"[148225, 0]","[148225.0, 0.0]","[140225, 8000]","[0, 0]","[0, 0]","[140225, 8000]","[141093,6363]"
Case26_19.nii,"[148225, 0]","[148225.0, 0.0]","[140225, 8000]","[0, 0]","[0, 0]","[140225, 8000]","[134642,12814]"
Case26_2.nii,"[140225, 8000]","[146979.0, 1246.0]","[140225, 8000]","[0, 0]","[0, 0]","[140225, 8000]","[139544,7912]"
Case26_3.nii,"[140225, 8000]","[146354.0, 1871.0]","[140225, 8000]","[148225, 0]","[148225, 0]","[140225, 8000]","[145672,1784]"
Case26_4.nii,"[140225, 8000]","[145420.0, 2805.0]","[140225, 8000]","[0, 0]","[0, 0]","[140225, 8000]","[146106,1350]"
Case26_5.nii,"[140225, 8000]","[144513.0, 3712.0]","[140225, 8000]","[0, 0]","[0, 0]","[140225, 8000]","[147456,0]"
Case26_6.nii,"[140225, 8000]","[143369.0, 4856.0]","[140225, 8000]","[140225, 8000]","[140225, 8000]","[140225, 8000]","[146707,749]"
Case26_7.nii,"[140225, 8000]","[141401.0, 6824.0]","[140225, 8000]","[140225, 8000]","[140225, 8000]","[140225, 8000]","[147456,0]"
Case26_8.nii,"[140225, 8000]","[140625.0, 7600.0]","[140225, 8000]","[140225, 8000]","[140225, 8000]","[140225, 8000]","[145963,1493]"
Case26_9.nii,"[140225, 8000]","[139936.0, 8289.0]","[140225, 8000]","[140225, 8000]","[140225, 8000]","[140225, 8000]","[136560,10896]"
Case27_0.nii,"[140225, 8000]","[144806.0, 3419.0]","[140225, 8000]","[0, 0]","[0, 0]","[140225, 8000]","[147124,332]"
Case27_1.nii,"[140225, 8000]","[143518.0, 4707.0]","[140225, 8000]","[0, 0]","[0, 0]","[140225, 8000]","[136154,11302]"
Case27_10.nii,"[140225, 8000]","[142750.0, 5475.0]","[140225, 8000]","[0, 0]","[0, 0]","[140225, 8000]","[147258,198]"
Case27_11.nii,"[140225, 8000]","[144828.0, 3397.0]","[140225, 8000]","[140225, 8000]","[140225, 8000]","[140225, 8000]","[147456,0]"
Case27_12.nii,"[140225, 8000]","[146658.0, 1567.0]","[140225, 8000]","[0, 0]","[0, 0]","[140225, 8000]","[142314,5142]"
Case27_13.nii,"[140225, 8000]","[147256.0, 969.0]","[140225, 8000]","[148225, 0]","[148225, 0]","[140225, 8000]","[143342,4114]"
Case27_14.nii,"[148225, 0]","[148225.0, 0.0]","[140225, 8000]","[0, 0]","[0, 0]","[140225, 8000]","[147456,0]"
Case27_2.nii,"[140225, 8000]","[141441.0, 6784.0]","[140225, 8000]","[0, 0]","[0, 0]","[140225, 8000]","[147439,17]"
Case27_3.nii,"[140225, 8000]","[139098.0, 9127.0]","[140225, 8000]","[140225, 8000]","[140225, 8000]","[140225, 8000]","[141319,6137]"
Case27_4.nii,"[140225, 8000]","[138013.0, 10212.0]","[140225, 8000]","[140225, 8000]","[140225, 8000]","[140225, 8000]","[144544,2912]"
Case27_5.nii,"[140225, 8000]","[136858.0, 11367.0]","[140225, 8000]","[140225, 8000]","[140225, 8000]","[140225, 8000]","[145755,1701]"
Case27_6.nii,"[140225, 8000]","[136785.0, 11440.0]","[140225, 8000]","[140225, 8000]","[140225, 8000]","[140225, 8000]","[145852,1604]"
Case27_7.nii,"[140225, 8000]","[136524.0, 11701.0]","[140225, 8000]","[140225, 8000]","[140225, 8000]","[140225, 8000]","[140492,6964]"
Case27_8.nii,"[140225, 8000]","[137318.0, 10907.0]","[140225, 8000]","[0, 0]","[0, 0]","[140225, 8000]","[141083,6373]"
Case27_9.nii,"[140225, 8000]","[141160.0, 7065.0]","[140225, 8000]","[0, 0]","[0, 0]","[140225, 8000]","[147413,43]"
Case28_0.nii,"[148225, 0]","[148225.0, 0.0]","[140225, 8000]","[140225, 8000]","[140225, 8000]","[140225, 8000]","[143250,4206]"
Case28_1.nii,"[148225, 0]","[148225.0, 0.0]","[140225, 8000]","[140225, 8000]","[140225, 8000]","[140225, 8000]","[147456,0]"
Case28_10.nii,"[140225, 8000]","[139969.0, 8256.0]","[140225, 8000]","[140225, 8000]","[140225, 8000]","[140225, 8000]","[145608,1848]"
Case28_11.nii,"[140225, 8000]","[140482.0, 7743.0]","[140225, 8000]","[140225, 8000]","[140225, 8000]","[140225, 8000]","[147456,0]"
Case28_12.nii,"[140225, 8000]","[141041.0, 7184.0]","[140225, 8000]","[140225, 8000]","[140225, 8000]","[140225, 8000]","[142053,5403]"
Case28_13.nii,"[140225, 8000]","[143828.0, 4397.0]","[140225, 8000]","[140225, 8000]","[140225, 8000]","[140225, 8000]","[140427,7029]"
Case28_14.nii,"[140225, 8000]","[144480.0, 3745.0]","[140225, 8000]","[140225, 8000]","[140225, 8000]","[140225, 8000]","[146596,860]"
Case28_15.nii,"[140225, 8000]","[145614.0, 2611.0]","[140225, 8000]","[140225, 8000]","[140225, 8000]","[140225, 8000]","[140183,7273]"
Case28_16.nii,"[140225, 8000]","[145757.0, 2468.0]","[140225, 8000]","[0, 0]","[0, 0]","[140225, 8000]","[142428,5028]"
Case28_17.nii,"[140225, 8000]","[147272.0, 953.0]","[140225, 8000]","[0, 0]","[0, 0]","[140225, 8000]","[143407,4049]"
Case28_18.nii,"[140225, 8000]","[147298.0, 927.0]","[140225, 8000]","[0, 0]","[0, 0]","[140225, 8000]","[145991,1465]"
Case28_19.nii,"[140225, 8000]","[147636.0, 589.0]","[140225, 8000]","[148225, 0]","[148225, 0]","[140225, 8000]","[147439,17]"
Case28_2.nii,"[148225, 0]","[148225.0, 0.0]","[140225, 8000]","[140225, 8000]","[140225, 8000]","[140225, 8000]","[143872,3584]"
Case28_3.nii,"[148225, 0]","[148225.0, 0.0]","[140225, 8000]","[0, 0]","[0, 0]","[140225, 8000]","[147111,345]"
Case28_4.nii,"[140225, 8000]","[147262.0, 963.0]","[140225, 8000]","[0, 0]","[0, 0]","[140225, 8000]","[142492,4964]"
Case28_5.nii,"[140225, 8000]","[145835.0, 2390.0]","[140225, 8000]","[0, 0]","[0, 0]","[140225, 8000]","[147435,21]"
Case28_6.nii,"[140225, 8000]","[143685.0, 4540.0]","[140225, 8000]","[0, 0]","[0, 0]","[140225, 8000]","[135689,11767]"
Case28_7.nii,"[140225, 8000]","[142307.0, 5918.0]","[140225, 8000]","[140225, 8000]","[140225, 8000]","[140225, 8000]","[147456,0]"
Case28_8.nii,"[140225, 8000]","[141339.0, 6886.0]","[140225, 8000]","[140225, 8000]","[140225, 8000]","[140225, 8000]","[146251,1205]"
Case28_9.nii,"[140225, 8000]","[140605.0, 7620.0]","[140225, 8000]","[140225, 8000]","[140225, 8000]","[140225, 8000]","[144561,2895]"
Case29_0.nii,"[148225, 0]","[148225.0, 0.0]","[140225, 8000]","[0, 0]","[0, 0]","[140225, 8000]","[137640,9816]"
Case29_1.nii,"[148225, 0]","[148225.0, 0.0]","[140225, 8000]","[0, 0]","[0, 0]","[140225, 8000]","[146301,1155]"
Case29_10.nii,"[140225, 8000]","[142841.0, 5384.0]","[140225, 8000]","[140225, 8000]","[140225, 8000]","[140225, 8000]","[147126,330]"
Case29_11.nii,"[140225, 8000]","[142024.0, 6201.0]","[140225, 8000]","[140225, 8000]","[140225, 8000]","[140225, 8000]","[144078,3378]"
Case29_12.nii,"[140225, 8000]","[141592.0, 6633.0]","[140225, 8000]","[140225, 8000]","[140225, 8000]","[140225, 8000]","[144299,3157]"
Case29_13.nii,"[140225, 8000]","[141553.0, 6672.0]","[140225, 8000]","[140225, 8000]","[140225, 8000]","[140225, 8000]","[140078,7378]"
Case29_14.nii,"[140225, 8000]","[143027.0, 5198.0]","[140225, 8000]","[0, 0]","[0, 0]","[140225, 8000]","[137525,9931]"
Case29_15.nii,"[140225, 8000]","[147455.0, 770.0]","[140225, 8000]","[148225, 0]","[148225, 0]","[140225, 8000]","[147456,0]"
Case29_16.nii,"[148225, 0]","[148225.0, 0.0]","[140225, 8000]","[0, 0]","[0, 0]","[140225, 8000]","[139854,7602]"
Case29_17.nii,"[148225, 0]","[148225.0, 0.0]","[140225, 8000]","[0, 0]","[0, 0]","[140225, 8000]","[147456,0]"
Case29_18.nii,"[148225, 0]","[148225.0, 0.0]","[140225, 8000]","[148225, 0]","[148225, 0]","[140225, 8000]","[142169,5287]"
Case29_19.nii,"[148225, 0]","[148225.0, 0.0]","[140225, 8000]","[148225, 0]","[148225, 0]","[140225, 8000]","[147456,0]"
Case29_2.nii,"[148225, 0]","[148225.0, 0.0]","[140225, 8000]","[0, 0]","[0, 0]","[140225, 8000]","[136525,10931]"
Case29_3.nii,"[148225, 0]","[148225.0, 0.0]","[140225, 8000]","[0, 0]","[0, 0]","[140225, 8000]","[147281,175]"
Case29_4.nii,"[148225, 0]","[148225.0, 0.0]","[140225, 8000]","[0, 0]","[0, 0]","[140225, 8000]","[147456,0]"
Case29_5.nii,"[148225, 0]","[148225.0, 0.0]","[140225, 8000]","[0, 0]","[0, 0]","[140225, 8000]","[144964,2492]"
Case29_6.nii,"[148225, 0]","[148225.0, 0.0]","[140225, 8000]","[0, 0]","[0, 0]","[140225, 8000]","[141717,5739]"
Case29_7.nii,"[140225, 8000]","[146339.0, 1886.0]","[140225, 8000]","[0, 0]","[0, 0]","[140225, 8000]","[136772,10684]"
Case29_8.nii,"[140225, 8000]","[145225.0, 3000.0]","[140225, 8000]","[0, 0]","[0, 0]","[140225, 8000]","[139480,7976]"
Case29_9.nii,"[140225, 8000]","[144336.0, 3889.0]","[140225, 8000]","[140225, 8000]","[140225, 8000]","[140225, 8000]","[147451,5]"
